Name,Height,Weight,Team,Age,Salary,Points,Blocks,Steals,Assists,Rebounds,FTPerc,FTA,FTM,FG3Perc,FG3A,FG3M,FG2Perc,FG2A,FG2M,FGPerc,FGA,FGM,MP,G,PER,OWS,DWS,WS,WS48,USG,BPM,VORP
Alex Abrines,78,200,Oklahoma City Thunder,25,5455236,5.3,0.2,0.5,0.6,1.5,0.923,0.4,0.3692,0.323,4.1,1.3243,0.4964,1,0.4964,0.357,5.1,1.8207,19,31,6.3,0.1,0.6,0.6,0.053,12.2,-3.4,-0.2
Quincy Acy,79,240,Phoenix Suns,28,213949,1.7,0.4,0.1,0.8,2.5,0.7,1,0.7,0.133,1.5,0.1995,0.667,0.3,0.2001,0.222,1.8,0.3996,12.3,10,2.9,-0.1,0,-0.1,-0.022,9.2,-5.9,-0.1
Jaylen Adams,74,190,Atlanta Hawks,22,236854,3.2,0.1,0.4,1.9,1.8,0.778,0.3,0.2334,0.338,2.2,0.7436,0.3604,1,0.3604,0.345,3.2,1.104,12.6,34,7.6,-0.1,0.2,0.1,0.011,13.5,-4.4,-0.3
Steven Adams,84,265,Oklahoma City Thunder,25,24157304,13.9,1,1.5,1.6,9.5,0.5,3.7,1.85,0,0,0,0.595,10.1,6.0095,0.595,10.1,6.0095,33.4,80,18.5,5.1,4,9.1,0.163,16.4,2.7,3.2
Bam Adebayo,82,255,Miami Heat,21,2955840,8.9,0.8,0.9,2.2,7.3,0.735,2.8,2.058,0.2,0.2,0.04,0.589192982,5.7,3.3584,0.576,5.9,3.3984,23.3,82,17.9,3.4,3.4,6.8,0.171,15.8,3,2.4
LaMarcus Aldridge,83,260,San Antonio Spurs,33,22347015,21.3,1.3,0.5,2.4,9.2,0.847,5.1,4.3197,0.238,0.5,0.119,0.527892405,15.8,8.3407,0.519,16.3,8.4597,33.2,81,22.9,6.4,2.9,9.3,0.167,26.9,1.6,2.5
Grayson Allen,77,198,Utah Jazz,23,2074320,5.6,0.2,0.2,0.7,0.6,0.75,1.6,1.2,0.323,2.6,0.8398,0.441619048,2.1,0.9274,0.376,4.7,1.7672,10.9,38,7.5,-0.4,0.4,0,0.002,24.4,-6.8,-0.5
Jarrett Allen,83,237,Brooklyn Nets,20,2034120,10.9,1.5,0.5,1.4,8.4,0.709,3.5,2.4815,0.133,0.6,0.0798,0.632184615,6.5,4.1092,0.59,7.1,4.189,26.2,80,18.5,4.4,3.3,7.6,0.175,15.9,2.5,2.4
Al-Farouq Aminu,81,220,Portland Trail Blazers,28,6957105,9.4,0.4,0.8,1.3,7.5,0.867,2.1,1.8207,0.343,3.5,1.2005,0.515894737,3.8,1.9604,0.433,7.3,3.1609,28.3,81,13.2,3,2.8,5.8,0.121,13.7,0.9,1.7
Justin Anderson,78,230,Atlanta Hawks,25,2516048,3.7,0.3,0.5,0.5,1.8,0.743,0.7,0.5201,0.312,1.6,0.4992,0.498352941,1.7,0.8472,0.408,3.3,1.3464,9.6,48,11.2,0.1,0.4,0.4,0.043,17.2,-3.3,-0.1
Kyle Anderson,81,230,Memphis Grizzlies,25,8641000,8,0.9,1.3,3,5.8,0.578,1.5,0.867,0.265,0.8,0.212,0.582714286,5.6,3.2632,0.543,6.4,3.4752,29.8,43,12.8,0.8,1.8,2.7,0.1,12.6,1.2,1
Ike Anigbogu,82,250,Indiana Pacers,20,1378242,0,0.3,0,0.3,1,,0,0,,0,0,0,1,0,0,1,0,2,3,-6,-0.1,0,-0.1,-0.48,29.1,-14,0
Giannis Antetokounmpo,83,242,Milwaukee Bucks,24,24157304,27.7,1.5,1.3,5.9,12.5,0.729,9.5,6.9255,0.256,2.8,0.7168,0.64017931,14.5,9.2826,0.578,17.3,9.9994,32.8,72,30.9,8.9,5.5,14.4,0.292,32.3,10.8,7.6
Carmelo Anthony,80,240,Atlanta Hawks,34,25534253,13.4,0.7,0.4,0.5,5.4,0.682,2.2,1.5004,0.328,6.4,2.0992,0.49145614,5.7,2.8013,0.405,12.1,4.9005,29.4,10,10.9,0.1,0.2,0.3,0.048,20.5,-5.9,-0.3
OG Anunoby,80,232,Toronto Raptors,21,1952760,7,0.3,0.7,0.7,2.9,0.581,0.9,0.5229,0.332,3,0.996,0.574,3,1.722,0.453,6,2.718,20.2,67,9.8,0.3,1.7,2,0.07,15.5,-1.2,0.3
Ryan Arcidiacono,75,200,Chicago Bulls,24,1349383,6.7,0,0.8,3.3,2.7,0.873,1.3,1.1349,0.373,2.7,1.0071,0.52692,2.5,1.3173,0.447,5.2,2.3244,24.2,81,11.6,2.8,0.9,3.7,0.09,11.7,-1,0.5
Trevor Ariza,80,215,Washington Wizards,33,15000000,12.5,0.3,1.3,3.7,5.4,0.793,2.4,1.9032,0.334,6.3,2.1042,0.492068182,4.4,2.1651,0.399,10.7,4.2693,34,69,12,1.3,1.2,2.5,0.052,16.6,-0.5,0.9
D.J. Augustin,72,183,Orlando Magic,31,7250000,11.7,0,0.6,5.3,2.5,0.866,2.6,2.2516,0.421,3.8,1.5998,0.510478261,4.6,2.3482,0.47,8.4,3.948,28,81,15.7,5,1.9,6.9,0.146,17.2,-0.3,1
Deandre Ayton,85,250,Phoenix Suns,20,8165160,16.3,0.9,0.9,1.8,10.3,0.746,2.7,2.0142,0,0.1,0,0.589795082,12.2,7.1955,0.585,12.3,7.1955,30.7,71,20.5,4.1,1.7,5.8,0.128,21.2,0.2,1.2
Dwayne Bacon,79,221,Charlotte Hornets,23,1378242,7.3,0.1,0.3,1.1,2.1,0.739,1.1,0.8129,0.437,2,0.874,0.494,4,1.976,0.475,6,2.85,17.7,43,11.7,0.9,0.3,1.2,0.073,16.8,-3.5,-0.3
Marvin Bagley III,83,234,Sacramento Kings,19,7305600,14.9,1,0.5,1,7.6,0.691,4.2,2.9022,0.313,1.5,0.4695,0.532939394,9.9,5.2761,0.504,11.4,5.7456,25.3,62,18.9,2,1.6,3.6,0.11,24.2,-1.8,0.1
Ron Baker,76,220,New York Knicks,25,4544400,0.9,0.1,0.4,1,0.7,0.833,0.4,0.3332,0.077,0.9,0.0693,0.47675,0.4,0.1907,0.2,1.3,0.26,10.1,15,2.5,-0.2,0.1,-0.1,-0.034,7.8,-6.6,-0.2
Wade Baldwin,76,200,Indiana Pacers,22,1544951,1.9,0.1,0.1,0.8,0.9,0.727,0.7,0.5089,0.222,0.6,0.1332,0.3354,1.5,0.5031,0.303,2.1,0.6363,5.9,16,1.3,-0.4,0.1,-0.3,-0.153,23.3,-10.7,-0.2
Lonzo Ball,78,190,Los Angeles Lakers,21,7461960,9.9,0.4,1.5,5.4,5.3,0.417,1,0.417,0.329,4.9,1.6121,0.484604167,4.8,2.3261,0.406,9.7,3.9382,30.3,47,11.7,-0.2,1.7,1.6,0.052,16.9,0.5,0.9
Mohamed Bamba,84,221,Orlando Magic,20,4865040,6.2,1.4,0.3,0.8,5,0.587,1.3,0.7631,0.3,1.5,0.45,0.554378378,3.7,2.0512,0.481,5.2,2.5012,16.3,47,14.9,0.3,1.4,1.7,0.106,17.8,-0.2,0.4
J.J. Barea,72,185,Dallas Mavericks,34,3710850,10.9,0,0.6,5.6,2.5,0.705,2.1,1.4805,0.297,3.4,1.0098,0.479402985,6.7,3.212,0.418,10.1,4.2218,19.8,38,16.3,0.4,0.6,1,0.064,28.1,-1.1,0.2
Harrison Barnes,80,225,Sacramento Kings,26,24107258,16.4,0.2,0.6,1.5,4.7,0.824,3.6,2.9664,0.395,5.7,2.2515,0.43875,7.6,3.3345,0.42,13.3,5.586,32.9,77,12.8,2,1.6,3.6,0.068,20.9,-2.3,-0.2
Will Barton,78,190,Denver Nuggets,28,11830358,11.5,0.5,0.4,2.9,4.6,0.77,1.7,1.309,0.342,4.6,1.5732,0.447245902,6.1,2.7282,0.402,10.7,4.3014,27.7,43,11,0.1,1.1,1.2,0.049,20,-2.3,-0.1
Keita Bates-Diop,81,229,Minnesota Timberwolves,23,838464,5,0.5,0.6,0.6,2.8,0.643,0.9,0.5787,0.25,1.7,0.425,0.521033333,3,1.5631,0.423,4.7,1.9881,16.8,30,9.6,0,0.4,0.3,0.032,14.1,-3.1,-0.1
Nicolas Batum,80,200,Charlotte Hornets,30,24000000,9.3,0.6,0.9,3.3,5.2,0.865,1.2,1.038,0.389,4,1.556,0.519714286,3.5,1.819,0.45,7.5,3.375,31.4,75,11.9,2,1.7,3.7,0.076,13.2,0.8,1.7
Jerryd Bayless,75,200,Minnesota Timberwolves,30,8575916,6.1,0.1,0.5,3.5,1.8,0.571,0.8,0.4568,0.296,2.9,0.8584,0.402358974,3.9,1.5692,0.357,6.8,2.4276,19.3,34,8.5,-0.2,0.2,0,-0.003,17.6,-5.1,-0.5
Aron Baynes,82,260,Boston Celtics,32,5193600,5.6,0.7,0.2,1.1,4.7,0.855,1.2,1.026,0.344,1.2,0.4128,0.518625,3.2,1.6596,0.471,4.4,2.0724,16.1,51,14,1.3,1.1,2.4,0.139,15.2,0.2,0.5
Kent Bazemore,77,201,Atlanta Hawks,29,18089887,11.6,0.6,1.3,2.3,3.9,0.726,2.6,1.8876,0.32,4.5,1.44,0.46562069,5.8,2.7006,0.402,10.3,4.1406,24.5,67,11.9,-0.7,1.4,0.7,0.021,22,-2.2,-0.1
Bradley Beal,77,207,Washington Wizards,25,25434263,25.6,0.7,1.5,5.5,5,0.808,5.5,4.444,0.351,7.3,2.5623,0.548593496,12.3,6.7477,0.475,19.6,9.31,36.9,82,20.8,5.9,1.7,7.6,0.12,28.4,2.8,3.7
Malik Beasley,77,195,Denver Nuggets,22,1773840,11.3,0.1,0.7,1.2,2.5,0.848,0.8,0.6784,0.402,5,2.01,0.561804878,4.1,2.3034,0.474,9.1,4.3134,23.2,81,14.2,2.9,1.6,4.5,0.115,18.7,-0.5,0.7
Michael Beasley,81,235,Los Angeles Clippers,30,3500000,7,0.4,0.3,1,2.3,0.718,1.5,1.077,0.176,0.7,0.1232,0.532269231,5.2,2.7678,0.49,5.9,2.891,10.7,26,15.9,-0.1,0.4,0.2,0.039,29.5,-4,-0.1
Marco Belinelli,77,210,San Antonio Spurs,32,6153846,10.5,0.1,0.4,1.7,2.5,0.903,1.6,1.4448,0.372,5,1.86,0.468405405,3.7,1.7331,0.413,8.7,3.5931,23,79,11.9,1.4,1.1,2.5,0.065,19.8,-2.1,0
Jordan Bell,81,224,Golden State Warriors,24,1378252,3.3,0.8,0.3,1.1,2.7,0.61,0.6,0.366,0,0,0,0.516,2.8,1.4448,0.516,2.8,1.4448,11.6,68,12.9,0.5,1.1,1.6,0.096,13.7,-0.4,0.3
DeAndre' Bembry,78,210,Atlanta Hawks,24,1634640,8.4,0.5,1.3,2.5,4.4,0.64,1.7,1.088,0.289,2.1,0.6069,0.507055556,5.4,2.7381,0.446,7.5,3.345,23.5,82,10.8,-0.9,1.7,0.9,0.022,17.2,-2.2,-0.1
Dragan Bender,85,225,Phoenix Suns,21,4661280,5,0.5,0.4,1.2,4,0.593,1.2,0.7116,0.218,2.2,0.4796,0.686904762,2.1,1.4425,0.447,4.3,1.9221,18,46,9.5,0,0.4,0.5,0.027,13.4,-3.4,-0.3
Dairis Bertans,76,200,New Orleans Pelicans,29,194220,2.8,0,0.1,0.8,0.8,,0,0,0.294,2.8,0.8232,0.155727273,1.1,0.1713,0.255,3.9,0.9945,13.9,12,2,-0.2,0,-0.2,-0.054,12,-7.7,-0.2
Davis Bertans,82,225,San Antonio Spurs,26,7000000,8,0.4,0.5,1.3,3.5,0.883,0.8,0.7064,0.429,4.4,1.8876,0.50775,1.6,0.8124,0.45,6,2.7,21.5,76,13,2.6,1.5,4,0.118,14.1,1.2,1.3
Patrick Beverley,73,185,Los Angeles Clippers,30,5027028,7.6,0.6,0.9,3.8,5,0.78,1.6,1.248,0.397,3.6,1.4292,0.4214,2.5,1.0535,0.407,6.1,2.4827,27.4,78,11.8,2.8,2,4.8,0.108,12.2,2.4,2.3
Khem Birch,81,233,Orlando Magic,26,1378242,4.8,0.6,0.4,0.8,3.8,0.699,1.7,1.1883,0,0,0,0.603,3,1.809,0.603,3,1.809,12.9,50,19.2,1.8,1,2.8,0.212,14.1,2.4,0.7
Bismack Biyombo,81,255,Charlotte Hornets,26,17000000,4.4,0.8,0.2,0.6,4.6,0.637,1.7,1.0829,,0,0,0.571,2.9,1.6559,0.571,2.9,1.6559,14.5,54,14.4,1.2,0.8,2,0.125,12.7,-1.1,0.2
Nemanja Bjelica,82,234,Sacramento Kings,30,6500000,9.6,0.7,0.7,1.9,5.8,0.761,1.2,0.9132,0.401,3.3,1.3233,0.5375,4.4,2.365,0.479,7.7,3.6883,23.2,77,15.4,2.7,1.9,4.5,0.122,16.5,2,1.8
Antonio Blakeney,76,192,Chicago Bulls,22,1349383,7.3,0.2,0.2,0.7,1.9,0.658,1.3,0.8554,0.396,1.6,0.6336,0.425943396,5.3,2.2575,0.419,6.9,2.8911,14.5,57,10.6,-0.8,0.3,-0.5,-0.03,24.5,-8.4,-1.3
Eric Bledsoe,73,205,Milwaukee Bucks,29,15000000,15.9,0.4,1.5,5.5,4.6,0.75,3,2.25,0.329,4.8,1.5792,0.581894737,7.6,4.4224,0.484,12.4,6.0016,29.1,78,19.3,4.4,3.7,8.2,0.173,22.9,3.5,3.2
Bogdan Bogdanovic,78,205,Sacramento Kings,26,9000000,14.1,0.2,1,3.8,3.5,0.827,2.3,1.9021,0.36,5.3,1.908,0.461914286,7,3.2334,0.418,12.3,5.1414,27.8,70,14.1,1.3,1.4,2.7,0.067,22.3,-0.7,0.6
Bojan Bogdanovic,80,216,Indiana Pacers,29,10500000,18,0,0.9,2,4.1,0.807,3.8,3.0666,0.425,4.8,2.04,0.539146341,8.2,4.421,0.497,13,6.461,31.8,81,16.1,3.9,2.8,6.8,0.126,22.4,0,1.3
Andrew Bogut,84,260,Golden State Warriors,34,2393887,3.5,0.7,0.3,1,5,1,0.3,0.3,,0,0,0.5,3.3,1.65,0.5,3.3,1.65,12.2,11,13.4,0.1,0.2,0.3,0.111,14.5,-1.3,0
Jonah Bolden,82,220,Philadelphia 76ers,23,1690000,4.7,0.9,0.4,0.9,3.8,0.481,0.6,0.2886,0.354,2.2,0.7788,0.699333333,1.5,1.049,0.494,3.7,1.8278,14.5,44,12.7,0.5,0.9,1.4,0.106,13.8,1.2,0.5
Isaac Bonga,80,180,Los Angeles Lakers,19,1000000,0.9,0.2,0.4,0.7,1.1,0.6,0.7,0.42,0,0.4,0,0.207272727,1.1,0.228,0.152,1.5,0.228,5.5,22,6,-0.3,0.2,-0.1,-0.059,15.7,-4.3,-0.1
Devin Booker,78,210,Phoenix Suns,22,3314365,26.6,0.2,0.9,6.8,4.1,0.866,7.1,6.1486,0.326,6.5,2.119,0.536961832,13.1,7.0342,0.467,19.6,9.1532,35,64,20.2,3.3,0.3,3.5,0.076,32.9,0.8,1.6
Chris Boucher,82,200,Toronto Raptors,26,457418,3.3,0.9,0.2,0.1,2,0.867,0.5,0.4335,0.324,1.3,0.4212,0.561214286,1.4,0.7857,0.447,2.7,1.2069,5.8,28,22.2,0.2,0.4,0.7,0.194,23.6,1.1,0.1
Avery Bradley,74,180,Memphis Grizzlies,28,12000000,9.9,0.3,0.7,2.4,2.8,0.86,0.8,0.688,0.351,3.9,1.3689,0.446327586,5.8,2.5887,0.408,9.7,3.9576,30.2,63,7.6,-0.6,1,0.3,0.009,16.2,-2.8,-0.4
Tony Bradley,82,248,Utah Jazz,21,1679520,5.7,0.7,0.7,0.3,5,0.5,0.7,0.35,,0,0,0.5,5.3,2.65,0.5,5.3,2.65,12,3,19.6,0,0.1,0.1,0.13,23.6,-0.7,0
Corey Brewer,81,186,Philadelphia 76ers,32,270496,4.9,0.2,1,1.3,2.5,0.721,1.4,1.0094,0.318,1.4,0.4452,0.491846154,2.6,1.2788,0.431,4,1.724,15.9,31,11.6,0.4,0.6,1,0.095,13.6,-0.1,0.2
Mikal Bridges,79,210,Phoenix Suns,22,3552960,8.3,0.5,1.6,2.1,3.2,0.805,1.4,1.127,0.335,3.8,1.273,0.546451613,3.1,1.694,0.43,6.9,2.967,29.5,82,10.8,1.7,1.2,2.9,0.058,12.2,-0.2,1.1
Miles Bridges,79,225,Charlotte Hornets,20,3206640,7.5,0.6,0.7,1.2,4,0.753,1,0.753,0.325,2.5,0.8125,0.553102564,3.9,2.1571,0.464,6.4,2.9696,21.2,80,13.1,1.4,1.5,2.9,0.083,15.1,-0.6,0.6
Isaiah Briscoe,75,215,Orlando Magic,22,838464,3.5,0.1,0.3,2.2,1.9,0.577,0.7,0.4039,0.324,0.9,0.2916,0.424961538,2.6,1.1049,0.399,3.5,1.3965,14.3,39,6.7,-0.3,0.5,0.3,0.023,14.1,-5.6,-0.5
Ryan Broekhoff,79,215,Dallas Mavericks,28,838464,4,0.1,0.1,0.5,1.5,0.789,0.5,0.3945,0.409,2.2,0.8998,0.57025,0.8,0.4562,0.452,3,1.356,10.8,42,10.7,0.5,0.3,0.8,0.086,14.3,-2.3,0
Malcolm Brogdon,77,229,Milwaukee Bucks,26,1544951,15.6,0.2,0.7,3.2,4.5,0.928,2.4,2.2272,0.426,3.8,1.6188,0.543,7.9,4.2897,0.505,11.7,5.9085,28.6,64,17.8,4.2,2.3,6.5,0.171,20.7,1.5,1.6
Dillon Brooks,78,220,Memphis Grizzlies,23,1378242,7.5,0.2,0.6,0.9,1.7,0.733,1.7,1.2461,0.375,2.2,0.825,0.414913043,4.6,1.9086,0.402,6.8,2.7336,18.3,18,7.6,-0.3,0.3,0,-0.004,20.9,-6.1,-0.3
MarShon Brooks,77,200,Chicago Bulls,30,1656092,6.6,0.1,0.3,0.9,1.6,0.697,1.1,0.7667,0.278,1.9,0.5282,0.533794872,3.9,2.0818,0.45,5.8,2.61,13.3,29,11.6,-0.2,0.3,0.1,0.018,23.6,-5.6,-0.3
Bruce Brown,77,202,Detroit Pistons,22,838464,4.3,0.5,0.5,1.2,2.5,0.75,0.8,0.6,0.258,1.3,0.3354,0.460758621,2.9,1.3362,0.398,4.2,1.6716,19.6,74,6.9,-0.1,1.6,1.5,0.048,11.5,-2,0
Jaylen Brown,79,220,Boston Celtics,22,5169960,13,0.4,0.9,1.4,4.2,0.658,2.7,1.7766,0.344,3.7,1.2728,0.528957143,7,3.7027,0.465,10.7,4.9755,25.9,74,13.5,0.7,2.4,3,0.076,22.1,-2.1,0
Lorenzo Brown,77,189,Toronto Raptors,28,800000,2.1,0.2,0.5,1.1,1.2,1,0.1,0.1,0.214,1.1,0.2354,0.399625,1.6,0.6394,0.324,2.7,0.8748,8.2,26,6.3,-0.5,0.3,-0.1,-0.027,17.9,-4.3,-0.1
Sterling Brown,78,232,Milwaukee Bucks,23,1378242,6.4,0.1,0.4,1.4,3.2,0.69,0.7,0.483,0.361,2.5,0.9025,0.554655172,2.9,1.6085,0.465,5.4,2.511,17.8,58,10.9,0.7,1.4,2.1,0.098,15.2,-1.6,0.1
Troy Brown Jr.,79,215,Washington Wizards,19,2749080,4.8,0.1,0.4,1.5,2.8,0.681,0.9,0.6129,0.319,1.3,0.4147,0.454,3.2,1.4528,0.415,4.5,1.8675,14,52,11.1,0.2,0.4,0.6,0.039,16.5,-3.7,-0.3
Jalen Brunson,75,190,Dallas Mavericks,22,1230000,9.3,0.1,0.5,3.2,2.3,0.725,1.6,1.16,0.348,2.5,0.87,0.524211538,5.2,2.7259,0.467,7.7,3.5959,21.8,73,12.8,1.5,1,2.6,0.077,19.1,-2.5,-0.2
Thomas Bryant,83,248,Washington Wizards,21,1378242,10.5,0.9,0.3,1.3,6.3,0.781,1.9,1.4839,0.333,1.4,0.4662,0.68675,5.6,3.8458,0.616,7,4.312,20.8,72,21,4.3,1.3,5.6,0.178,17.6,1.6,1.3
Reggie Bullock,79,205,Los Angeles Lakers,27,2500000,11.3,0.2,0.6,2,2.7,0.859,1.3,1.1167,0.377,6.2,2.3374,0.4798125,3.2,1.5354,0.412,9.4,3.8728,29.8,63,10.5,1.6,1.4,3.1,0.078,15.8,-0.9,0.5
Trey Burke,73,175,Dallas Mavericks,26,1795015,10.9,0.1,0.6,2.7,1.7,0.831,2.1,1.7451,0.352,2.7,0.9504,0.462835821,6.7,3.101,0.431,9.4,4.0514,19.4,58,16.5,1.4,0.5,1.9,0.081,24.8,-2.5,-0.1
Alec Burks,78,214,Sacramento Kings,27,11536515,8.8,0.3,0.6,2,3.7,0.823,2.2,1.8106,0.363,2.6,0.9438,0.42775,4.8,2.0532,0.405,7.4,2.997,21.5,64,12.7,0.7,0.8,1.5,0.052,19,-2.2,-0.1
Jimmy Butler,80,232,Philadelphia 76ers,29,20445779,18.7,0.6,1.9,4,5.3,0.855,5.6,4.788,0.347,3,1.041,0.493651376,10.9,5.3808,0.462,13.9,6.4218,33.6,65,20.2,5.4,2.5,7.9,0.173,22.3,3.2,2.9
Bruno Caboclo,81,218,Memphis Grizzlies,23,487000,8.3,1,0.4,1.5,4.6,0.84,1.5,1.26,0.369,3.8,1.4022,0.505714286,2.8,1.416,0.427,6.6,2.8182,23.5,34,12.4,0.6,0.9,1.5,0.09,15.9,0.2,0.4
Jose Calderon,75,200,Detroit Pistons,37,2393887,2.3,0.1,0.3,2.3,1.2,0.818,0.2,0.1636,0.246,1.2,0.2952,0.504,1.2,0.6048,0.375,2.4,0.9,12.9,49,7.1,0,0.5,0.6,0.043,10.9,-5.1,-0.5
Kentavious Caldwell-Pope,77,205,Los Angeles Lakers,25,12000000,11.4,0.2,0.9,1.3,2.9,0.867,1.9,1.6473,0.347,5.3,1.8391,0.542794872,3.9,2.1169,0.43,9.2,3.956,24.8,82,12.9,2.3,1.8,4,0.095,18.1,-0.6,0.7
Isaiah Canaan,72,201,Minnesota Timberwolves,27,198580,6,0.1,0.5,2.8,1.9,0.792,0.8,0.6336,0.354,3.2,1.1328,0.440086957,2.3,1.0122,0.39,5.5,2.145,21,30,8,0,0.1,0.1,0.008,14.2,-5.1,-0.5
Clint Capela,82,240,Houston Rockets,24,15293104,16.6,1.5,0.7,1.4,12.7,0.636,3.9,2.4804,,0,0,0.648,10.9,7.0632,0.648,10.9,7.0632,33.6,67,23.8,7.8,3,10.8,0.23,18.2,2.9,2.8
DeMarre Carroll,80,215,Brooklyn Nets,32,15400000,11.1,0.1,0.5,1.3,5.2,0.76,3.6,2.736,0.342,4.6,1.5732,0.45595,4,1.8238,0.395,8.6,3.397,25.4,67,12.1,1.5,1.6,3.1,0.088,18.6,-1.7,0.1
Jevon Carter,74,196,Memphis Grizzlies,23,838464,4.4,0.3,0.7,1.8,1.7,0.813,0.8,0.6504,0.333,2.6,0.8658,0.265857143,2.1,0.5583,0.303,4.7,1.4241,14.8,39,7.8,-0.7,0.7,0,-0.003,18,-4,-0.3
Vince Carter,78,220,Atlanta Hawks,42,2393887,7.4,0.4,0.6,1.1,2.6,0.712,0.9,0.6408,0.389,4.2,1.6338,0.482,2,0.964,0.419,6.2,2.5978,17.5,76,11.8,1.2,0.7,1.9,0.07,16.7,-1.6,0.1
Wendell Carter Jr.,82,255,Chicago Bulls,19,4441200,10.3,1.3,0.6,1.8,7,0.795,2.5,1.9875,0.188,0.7,0.1316,0.512,7.7,3.9424,0.485,8.4,4.074,25.2,44,15.2,0.7,1.2,1.9,0.08,19.1,-0.5,0.4
Michael Carter-Williams,78,190,Chicago Bulls,27,1200000,4.8,0.5,0.7,2.5,2.5,0.604,1.9,1.1476,0.263,1.4,0.3682,0.4258,3,1.2774,0.374,4.4,1.6456,13.3,28,14.7,0.2,0.6,0.8,0.099,19.4,0,0.2
Omri Casspi,81,225,Memphis Grizzlies,30,2176260,6.3,0.3,0.6,0.7,3.2,0.672,1.6,1.0752,0.349,1.2,0.4188,0.601272727,3.3,1.9842,0.534,4.5,2.403,14.4,36,15.7,0.6,0.7,1.3,0.119,18,-1.8,0
Willie Cauley-Stein,84,240,Sacramento Kings,25,4696875,11.9,0.6,1.2,2.4,8.4,0.551,3.1,1.7081,0.5,0,0,0.556,9.1,5.0596,0.556,9.1,5.0596,27.3,81,18,3.8,2.9,6.7,0.146,17.5,2,2.3
Tyson Chandler,85,240,Phoenix Suns,36,13585000,3.1,0.4,0.4,0.7,5.6,0.586,1.6,0.9376,0,0,0,0.616,1.8,1.1088,0.616,1.8,1.1088,15.9,55,11.2,0.9,1.2,2.1,0.114,8.5,-1.3,0.2
Wilson Chandler,81,225,Los Angeles Clippers,31,12800562,6,0.4,0.5,1.6,4.2,0.72,0.5,0.36,0.373,3.1,1.1563,0.478652174,2.3,1.1009,0.418,5.4,2.2572,23.1,51,8.5,0.5,1,1.5,0.062,11.8,-1,0.3
Chris Chiozza,72,176,Houston Rockets,23,90005,0.9,0.1,0.1,0.6,0.6,,0,0,0.4,0.7,0.28,-0.0125,0.4,-0.005,0.25,1.1,0.275,4.7,7,7,0,0,0,0.023,11.8,-4.7,0
Marquese Chriss,82,240,Cleveland Cavaliers,21,3206160,4.2,0.3,0.4,0.5,3.3,0.711,1,0.711,0.222,1.7,0.3774,0.474,2.5,1.185,0.372,4.2,1.5624,11.6,43,9.2,-0.6,0.4,-0.2,-0.023,20.6,-6.2,-0.5
Ian Clark,75,175,New Orleans Pelicans,27,1757429,6.7,0.1,0.4,1.6,1.5,0.892,0.6,0.5352,0.327,3.4,1.1118,0.469933333,3,1.4098,0.394,6.4,2.5216,16.2,60,8.3,-0.4,0.3,-0.1,-0.003,19.3,-5.1,-0.8
Jordan Clarkson,77,194,Cleveland Cavaliers,26,12500000,16.8,0.2,0.7,2.4,3.3,0.844,2.4,2.0256,0.324,5.5,1.782,0.522945055,9.1,4.7588,0.448,14.6,6.5408,27.3,81,16.8,1.9,-0.1,1.8,0.039,27.6,-2,0
John Collins,82,235,Atlanta Hawks,21,2299080,19.5,0.6,0.4,2,9.8,0.763,4.4,3.3572,0.348,2.6,0.9048,0.610109091,11,6.7112,0.56,13.6,7.616,30,61,21.8,5,1,6,0.158,23.7,1.4,1.6
Zach Collins,84,235,Portland Trail Blazers,21,3628920,6.6,0.9,0.3,0.9,4.2,0.746,1.6,1.1936,0.331,1.6,0.5296,0.536111111,3.6,1.93,0.473,5.2,2.4596,17.6,77,13.5,1.4,1.5,2.9,0.104,16.6,0.1,0.7
Darren Collison,72,175,Indiana Pacers,31,10000000,11.2,0.1,1.4,6,3.1,0.832,2.5,2.08,0.407,2.6,1.0582,0.49257377,6.1,3.0047,0.467,8.7,4.0629,28.2,76,16.7,3.9,2.9,6.8,0.153,17.7,1.2,1.8
Mike Conley,73,175,Memphis Grizzlies,31,30521116,21.1,0.3,1.3,6.4,3.4,0.845,5.8,4.901,0.364,6.1,2.2204,0.48359596,9.9,4.7876,0.438,16,7.008,33.5,70,21.4,5.7,2.3,8,0.164,27.3,3.4,3.2
Pat Connaughton,76,209,Milwaukee Bucks,26,1641000,6.9,0.4,0.5,2,4.2,0.725,0.7,0.5075,0.33,3.3,1.089,0.653,2.4,1.5672,0.466,5.7,2.6562,20.7,61,13.6,2,1.9,3.9,0.149,13.3,1.6,1.2
Quinn Cook,74,179,Golden State Warriors,25,1544951,6.9,0,0.3,1.6,2.1,0.769,0.4,0.3076,0.405,2.7,1.0935,0.515625,3.2,1.65,0.465,5.9,2.7435,14.3,74,13.1,1,0.8,1.8,0.082,20.2,-2.9,-0.2
DeMarcus Cousins,83,270,Golden State Warriors,28,5337000,16.3,1.5,1.3,3.6,8.2,0.736,4.8,3.5328,0.274,3.2,0.8768,0.551652174,9.2,5.0752,0.48,12.4,5.952,25.7,30,21.4,0.9,1.5,2.4,0.151,28.1,3.6,1.1
Robert Covington,81,225,Minnesota Timberwolves,28,10464092,13.3,1.3,2.1,1.3,5.5,0.764,2.5,1.91,0.378,6.4,2.4192,0.517974359,3.9,2.0201,0.431,10.3,4.4393,34.4,35,13.3,0.9,1.6,2.5,0.1,15.6,2.4,1.3
Allen Crabbe,78,212,Brooklyn Nets,26,18500000,9.6,0.3,0.5,1.1,3.4,0.732,1.3,0.9516,0.378,6,2.268,0.342555556,2.7,0.9249,0.367,8.7,3.1929,26.3,43,7.7,-0.2,1,0.8,0.035,16.4,-2.5,-0.1
Torrey Craig,79,215,Denver Nuggets,28,2000000,5.7,0.6,0.5,1,3.5,0.7,0.9,0.63,0.324,2.5,0.81,0.57026087,2.3,1.3116,0.442,4.8,2.1216,20,75,10.4,1.4,1.7,3,0.096,12.4,-0.1,0.7
Jamal Crawford,77,185,Atlanta Hawks,38,2304226,7.9,0.2,0.5,3.6,1.3,0.845,1.7,1.4365,0.332,3.2,1.0624,0.454777778,3.6,1.6372,0.397,6.8,2.6996,18.9,64,11.7,0.1,0,0.2,0.006,20.8,-6,-1.2
Mitch Creek,77,216,Brooklyn Nets,26,94742,4.2,0,0.4,1.2,2.4,0.714,1.4,0.9996,0,0.4,0,0.571428571,2.8,1.6,0.5,3.2,1.6,9.6,5,20.2,0.1,0,0.2,0.196,17.6,1.7,0
Jae Crowder,78,235,Utah Jazz,28,7305825,11.9,0.4,0.8,1.7,4.8,0.721,2.5,1.8025,0.331,6.5,2.1515,0.525285714,3.5,1.8385,0.399,10,3.99,27.1,80,12.1,1.3,3.1,4.4,0.097,19.1,0.4,1.3
Dante Cunningham,80,230,San Antonio Spurs,31,2500000,3,0.2,0.4,0.8,2.9,0.778,0.3,0.2334,0.462,1,0.462,0.483666667,1.5,0.7255,0.475,2.5,1.1875,14.5,64,10.2,1,0.9,1.9,0.097,8.9,-0.1,0.4
Seth Curry,74,185,Portland Trail Blazers,28,2795000,7.9,0.2,0.5,0.9,1.6,0.846,0.7,0.5922,0.45,3.4,1.53,0.463034483,2.9,1.3428,0.456,6.3,2.8728,18.9,74,11.4,1.5,0.9,2.4,0.082,16.6,-1.3,0.2
Stephen Curry,75,190,Golden State Warriors,30,37457154,27.3,0.4,1.3,5.2,5.3,0.916,4.2,3.8472,0.437,11.7,5.1129,0.525181818,7.7,4.0439,0.472,19.4,9.1568,33.8,69,24.4,7.2,2.5,9.7,0.199,30.4,6.3,4.9
Troy Daniels,76,205,Phoenix Suns,27,3258539,6.2,0.1,0.5,0.5,1.4,0.783,0.5,0.3915,0.381,3.8,1.4478,0.48225,1.6,0.7716,0.411,5.4,2.2194,14.9,51,9.8,0.2,0.1,0.3,0.02,17.6,-4.4,-0.5
Anthony Davis,82,253,New Orleans Pelicans,25,25434263,25.9,2.4,1.6,3.9,12,0.794,7.7,6.1138,0.331,2.6,0.8606,0.547802548,15.7,8.6005,0.517,18.3,9.4611,33,56,30.3,6.4,3.1,9.5,0.247,29.5,8.5,4.9
Deyonta Davis,83,237,Sacramento Kings,22,1544951,4,0.6,0.3,0.6,4,0.6,1.1,0.66,0,0.1,0,0.711652174,2.3,1.6368,0.682,2.4,1.6368,13.1,9,15.6,0.3,0.1,0.4,0.145,10.1,-0.7,0
Ed Davis,82,225,Brooklyn Nets,29,4449000,5.8,0.4,0.4,0.8,8.6,0.617,2,1.234,0,0,0,0.616,3.7,2.2792,0.616,3.7,2.2792,17.9,81,17.3,3.3,2.5,5.7,0.191,12.7,0.4,0.9
Dewayne Dedmon,84,245,Atlanta Hawks,29,7200000,10.8,1.1,1.1,1.4,7.5,0.814,1.8,1.4652,0.382,3.4,1.2988,0.569916667,4.8,2.7356,0.492,8.2,4.0344,25.1,64,16,2.1,1.9,4,0.119,16.7,1.3,1.3
Sam Dekker,81,230,Washington Wizards,24,2760095,6.1,0.1,0.8,1,3.1,0.609,1,0.609,0.306,1.3,0.3978,0.520682927,4.1,2.1348,0.469,5.4,2.5326,16.8,47,13.3,0.6,0.5,1,0.064,16.2,-2.3,-0.1
Matthew Dellavedova,76,200,Cleveland Cavaliers,28,9607500,5.9,0,0.3,3.8,1.6,0.808,1.1,0.8888,0.338,2.7,0.9126,0.483652174,2.3,1.1124,0.405,5,2.025,16.9,48,11.1,0.5,0,0.5,0.028,17.9,-5.5,-0.7
Luol Deng,81,237,Los Angeles Lakers,33,14354067,7.1,0.4,0.7,0.8,3.3,0.714,1.6,1.1424,0.318,2,0.636,0.607058824,3.4,2.064,0.5,5.4,2.7,17.8,22,14.6,0.5,0.3,0.8,0.101,15.8,-0.6,0.1
DeMar DeRozan,79,220,San Antonio Spurs,29,27739975,21.2,0.5,1.1,6.2,6,0.83,5.7,4.731,0.156,0.6,0.0936,0.492818182,16.5,8.1315,0.481,17.1,8.2251,34.9,77,19.6,3.6,2.6,6.3,0.112,27.9,0.9,2
Cheick Diallo,81,220,New Orleans Pelicans,22,1544951,6,0.5,0.5,0.5,5.2,0.746,1,0.746,0.25,0.1,0.025,0.62902439,4.1,2.579,0.62,4.2,2.604,14,64,17.5,1.4,1.2,2.6,0.14,16,-1.6,0.1
Hamidou Diallo,77,198,Oklahoma City Thunder,20,838464,3.7,0.2,0.4,0.3,1.9,0.61,1.2,0.732,0.167,0.5,0.0835,0.508333333,2.7,1.3725,0.455,3.2,1.456,10.3,51,10.1,0.1,0.7,0.8,0.069,16.6,-4.7,-0.4
Gorgui Dieng,83,252,Minnesota Timberwolves,29,15170787,6.4,0.5,0.6,0.9,4.1,0.83,1.4,1.162,0.339,0.7,0.2373,0.527372093,4.3,2.2677,0.501,5,2.505,13.6,76,18.1,1.5,1.3,2.8,0.132,19.6,0.5,0.7
Spencer Dinwiddie,78,210,Brooklyn Nets,25,1656092,16.8,0.3,0.6,4.6,2.4,0.806,5.2,4.1912,0.335,5.4,1.809,0.526970588,6.8,3.5834,0.442,12.2,5.3924,28.1,68,16.3,3.5,1.4,4.8,0.121,24.9,-0.2,0.8
Donte DiVincenzo,76,203,Milwaukee Bucks,22,2481000,4.9,0.2,0.5,1.1,2.4,0.75,0.4,0.3,0.265,3.1,0.8215,0.6882,1.5,1.0323,0.403,4.6,1.8538,15.2,27,9.1,0,0.6,0.6,0.069,15.1,-1.8,0
Luka Doncic,79,218,Dallas Mavericks,19,6560640,21.2,0.3,1.1,6,7.8,0.713,6.7,4.7771,0.327,7.1,2.3217,0.502531915,9.4,4.7238,0.427,16.5,7.0455,32.2,72,19.6,2.1,2.8,4.9,0.101,30.5,4.1,3.6
Tyler Dorsey,77,183,Memphis Grizzlies,22,1378242,6.2,0,0.3,1.2,2.4,0.623,1.3,0.8099,0.333,2.8,0.9324,0.479666667,2.7,1.2951,0.405,5.5,2.2275,14.5,48,11.2,0.2,0.4,0.6,0.043,19.7,-3.8,-0.3
Damyean Dotson,78,210,New York Knicks,24,1378242,10.7,0.1,0.8,1.8,3.6,0.745,1.3,0.9685,0.368,4.7,1.7296,0.460081633,4.9,2.2544,0.415,9.6,3.984,27.5,73,10.8,0.7,0.9,1.5,0.037,17.3,-2.3,-0.2
Goran Dragic,75,190,Miami Heat,32,18109175,13.7,0.1,0.8,4.8,3.1,0.782,2.8,2.1896,0.348,4.6,1.6008,0.453405405,7.4,3.3552,0.413,12,4.956,27.5,36,13.9,0.6,1,1.6,0.079,23.7,-1.2,0.2
Andre Drummond,83,279,Detroit Pistons,25,25434263,17.3,1.7,1.7,1.4,15.6,0.59,5.2,3.068,0.132,0.5,0.066,0.548664063,12.8,7.0229,0.533,13.3,7.0889,33.5,79,23.4,4.1,5.9,10,0.181,22.9,2.9,3.3
Jared Dudley,79,237,Brooklyn Nets,33,9530000,4.9,0.3,0.6,1.4,2.6,0.696,0.8,0.5568,0.351,2.6,0.9126,0.5478,1.5,0.8217,0.423,4.1,1.7343,20.7,59,7.8,0.6,1.2,1.8,0.07,10.4,-0.7,0.4
Kris Dunn,76,205,Chicago Bulls,24,4221000,11.3,0.5,1.5,6,4.1,0.797,1.5,1.1955,0.354,2.1,0.7434,0.441752809,8.9,3.9316,0.425,11,4.675,30.2,46,12.4,-0.5,1.2,0.6,0.022,20.1,-1.8,0.1
Kevin Durant,81,240,Golden State Warriors,30,30000000,26,1.1,0.7,5.9,6.4,0.885,6.5,5.7525,0.353,5,1.765,0.587141732,12.7,7.4567,0.521,17.7,9.2217,34.6,78,24.2,8.6,2.9,11.5,0.204,29,4.3,4.3
Henry Ellenson,83,245,Detroit Pistons,22,1857480,6,0.1,0.4,0.8,3.5,0.76,1.3,0.988,0.447,2,0.894,0.387,3,1.161,0.411,5,2.055,13.6,19,13.1,0.2,0.2,0.4,0.077,19,-4,-0.1
Wayne Ellington,77,200,Phoenix Suns,31,6270000,10.3,0.1,1,1.4,2,0.796,0.9,0.7164,0.371,7,2.597,0.543,1.6,0.8688,0.403,8.6,3.4658,24.5,53,11.8,1.3,1.4,2.6,0.097,17.2,0.2,0.7
Joel Embiid,84,250,Philadelphia 76ers,24,25467250,27.5,1.9,0.7,3.7,13.6,0.804,10.1,8.1204,0.3,4.1,1.23,0.535671233,14.6,7.8208,0.484,18.7,9.0508,33.7,64,26.1,4.9,3.8,8.7,0.194,33.3,4.1,3.3
James Ennis,79,210,Philadelphia 76ers,28,1621415,6.7,0.4,0.7,0.7,3.1,0.716,1.4,1.0024,0.353,2.7,0.9531,0.5995,2.4,1.4388,0.469,5.1,2.3919,21.2,58,11,1.6,1,2.6,0.103,12.7,-0.7,0.4
Jacob Evans,78,210,Golden State Warriors,21,1644240,1.3,0.1,0.2,0.8,0.8,0,0,0,0.267,0.5,0.1335,0.368076923,1.3,0.4785,0.34,1.8,0.612,6.8,30,3.5,-0.3,0.2,-0.1,-0.03,13.5,-6.9,-0.3
Jawun Evans,72,185,Los Angeles Clippers,22,1378242,0.8,0,0.4,1.3,1.5,,0,0,0,0.4,0,0.275142857,1.4,0.3852,0.214,1.8,0.3852,8.1,8,0.1,-0.2,0,-0.2,-0.151,13.2,-10.5,-0.1
Tyreke Evans,78,220,Indiana Pacers,29,12400000,10.2,0.3,0.8,2.4,2.9,0.719,2.3,1.6537,0.356,3.1,1.1036,0.404738462,6.5,2.6308,0.389,9.6,3.7344,20.3,69,11.5,-1.7,2,0.3,0.01,26.4,-3.6,-0.6
Dante Exum,78,190,Utah Jazz,23,9600000,6.9,0.1,0.3,2.6,1.6,0.791,2,1.582,0.29,1.5,0.435,0.465071429,4.2,1.9533,0.419,5.7,2.3883,15.8,42,11.2,0.2,0.7,1,0.069,21.3,-4,-0.3
Kenneth Faried,80,220,Brooklyn Nets,29,13764045,10.4,0.6,0.5,0.5,6.8,0.646,2.7,1.7442,0.32,0.7,0.224,0.617969231,6.5,4.0168,0.589,7.2,4.2408,19.7,37,21.6,2.1,0.9,2.9,0.193,20.3,-1.2,0.2
Derrick Favors,82,265,Utah Jazz,27,16900000,11.8,1.4,0.7,1.2,7.4,0.675,3,2.025,0.218,1,0.218,0.637830986,7.1,4.5286,0.586,8.1,4.7466,23.2,76,21.8,4.4,3.5,7.9,0.215,19.4,4.3,2.8
Cristiano Felicio,82,265,Chicago Bulls,26,8470980,4,0.1,0.2,0.6,3.6,0.685,1.2,0.822,0,0.1,0,0.549310345,2.9,1.593,0.531,3,1.593,12.4,60,13.4,0.9,0.4,1.4,0.088,14.3,-3.5,-0.3
Raymond Felton,73,205,Oklahoma City Thunder,34,2393887,4.3,0.2,0.3,1.6,1,0.923,0.4,0.3692,0.328,1.8,0.5904,0.468826087,2.3,1.0783,0.407,4.1,1.6687,11.5,33,11.2,0.3,0.4,0.7,0.087,16.6,-4.2,-0.2
Terrance Ferguson,79,190,Oklahoma City Thunder,20,2118840,6.9,0.2,0.5,1,1.9,0.725,0.7,0.5075,0.366,3.9,1.4274,0.558315789,1.9,1.0608,0.429,5.8,2.4882,26.1,74,6.4,1.2,1.6,2.8,0.07,10.6,-1.9,0
Yogi Ferrell,72,180,Sacramento Kings,25,3000000,5.9,0.1,0.5,1.9,1.5,0.896,0.9,0.8064,0.362,2.1,0.7602,0.487862069,2.9,1.4148,0.435,5,2.175,15,71,12.7,1.3,0.6,1.9,0.087,16.3,-2.3,-0.1
Dorian Finney-Smith,80,220,Dallas Mavericks,25,1544951,7.5,0.4,0.9,1.2,4.8,0.709,1.3,0.9217,0.311,3.1,0.9641,0.542323529,3.4,1.8439,0.432,6.5,2.808,24.5,81,11,1.2,2,3.3,0.079,14,0.2,1.1
Bryn Forbes,75,190,San Antonio Spurs,25,3125000,11.8,0,0.5,2.1,2.9,0.885,1,0.885,0.426,5,2.13,0.488608696,4.6,2.2476,0.456,9.6,4.3776,28,82,12,2.5,1.3,3.8,0.079,17.4,-0.7,0.7
Evan Fournier,79,205,Orlando Magic,26,17000000,15.1,0.1,0.9,3.6,3.2,0.806,2.1,1.6926,0.34,5.6,1.904,0.510210526,7.6,3.8776,0.438,13.2,5.7816,31.5,81,12.3,0.8,2.5,3.2,0.061,22.1,-1.5,0.3
De'Aaron Fox,75,175,Sacramento Kings,21,5470920,17.3,0.6,1.6,7.3,3.8,0.727,5.1,3.7077,0.371,2.9,1.0759,0.481579439,10.7,5.1529,0.458,13.6,6.2288,31.4,81,18.1,3.2,2.5,5.6,0.106,24.5,1.1,2
Melvin Frazier,78,200,Orlando Magic,22,1050000,1.5,0,0.1,0.1,0.5,0.25,0.4,0.1,0,0.6,0,0.4662,1.5,0.6993,0.333,2.1,0.6993,4.4,10,1.2,-0.2,0,-0.1,-0.133,23.5,-12.9,-0.1
Tim Frazier,73,170,New Orleans Pelicans,28,1621415,5.3,0.1,0.5,4.2,2.8,0.759,0.9,0.6831,0.366,1.7,0.6222,0.493111111,2.7,1.3314,0.444,4.4,1.9536,19,59,11.7,1.3,0.7,2,0.084,13.3,-2.3,-0.1
Jimmer Fredette,74,195,Phoenix Suns,29,198580,3.7,0,0.5,1.3,1.2,1,1,1,0,2.2,0,0.509538462,2.6,1.3248,0.276,4.8,1.3248,10.8,6,3.6,-0.2,0,-0.2,-0.166,24.2,-11.1,-0.1
Channing Frye,84,255,Cleveland Cavaliers,35,2393887,3.6,0.1,0.2,0.6,1.4,0.786,0.4,0.3144,0.405,2.2,0.891,0.294,1.1,0.3234,0.368,3.3,1.2144,9.5,36,8.9,0.1,0,0.1,0.016,17.5,-4.8,-0.2
Markelle Fultz,76,200,Orlando Magic,20,8339880,8.2,0.3,0.9,3.1,3.7,0.568,1.9,1.0792,0.286,0.7,0.2002,0.431413333,7.5,3.2356,0.419,8.2,3.4358,22.5,19,10.5,-0.1,0.4,0.3,0.035,19.3,-3.1,-0.1
Danilo Gallinari,82,225,Los Angeles Clippers,30,21587579,19.8,0.3,0.7,2.6,6.1,0.904,6,5.424,0.433,5.5,2.3815,0.485,7.5,3.6375,0.463,13,6.019,30.3,68,21,6.4,1.8,8.2,0.191,23.8,2.9,2.6
Langston Galloway,74,200,Detroit Pistons,27,7000000,8.4,0.1,0.5,1.1,2.1,0.844,1.2,1.0128,0.355,4.8,1.704,0.45136,2.5,1.1284,0.388,7.3,2.8324,21.8,80,10.7,2.1,1.3,3.4,0.094,16.1,-1.3,0.3
Marc Gasol,85,255,Toronto Raptors,34,24119025,13.6,1.1,1.1,4.4,7.9,0.759,3.2,2.4288,0.363,3.5,1.2705,0.487666667,7.5,3.6575,0.448,11,4.928,30.8,79,16.7,2,4,6,0.118,20.7,2.8,3
Pau Gasol,84,250,San Antonio Spurs,38,15100000,3.9,0.5,0.2,1.7,4.6,0.7,1.3,0.91,0.462,0.4,0.1848,0.444777778,2.7,1.2009,0.447,3.1,1.3857,12,30,16.7,0.5,0.5,1.1,0.142,15.6,0.6,0.2
Rudy Gay,80,230,San Antonio Spurs,32,10087200,13.7,0.5,0.8,2.6,6.8,0.816,2.1,1.7136,0.402,2.7,1.0854,0.538,8.1,4.3578,0.504,10.8,5.4432,26.7,69,17.5,2.2,2.2,4.4,0.115,22.1,1,1.4
Paul George,81,220,Oklahoma City Thunder,28,30560700,28,0.4,2.2,4.1,8.2,0.839,7,5.873,0.386,9.8,3.7828,0.4835,11.2,5.4152,0.438,21,9.198,36.9,77,23.3,7,4.9,11.9,0.201,29.5,5.5,5.3
Taj Gibson,81,232,Minnesota Timberwolves,33,14000000,10.8,0.6,0.8,1.2,6.5,0.757,2.5,1.8925,0.324,0.5,0.162,0.582805556,7.2,4.1962,0.566,7.7,4.3582,24.1,70,17.8,3.7,1.4,5.1,0.144,17.2,1,1.3
Harry Giles,82,240,Sacramento Kings,20,2207040,7,0.4,0.5,1.5,3.8,0.637,1.6,1.0192,0,0.1,0,0.511525424,5.9,3.018,0.503,6,3.018,14.1,58,14.4,0,1,1,0.056,23.2,-2.1,0
Shai Gilgeous-Alexander,78,181,Los Angeles Clippers,20,3375360,10.8,0.5,1.2,3.3,2.8,0.8,2.4,1.92,0.367,1.7,0.6239,0.502471429,7,3.5173,0.476,8.7,4.1412,26.5,82,13.4,1.5,1.9,3.3,0.074,18.3,-0.3,0.9
Rudy Gobert,85,245,Utah Jazz,26,23241573,15.9,2.3,0.8,2,12.9,0.636,6.4,4.0704,,0,0,0.669,8.8,5.8872,0.669,8.8,5.8872,31.8,81,24.6,8.7,5.7,14.4,0.268,17.8,7,5.9
Aaron Gordon,81,220,Orlando Magic,23,21590909,16,0.7,0.7,3.7,7.4,0.731,3.2,2.3392,0.349,4.4,1.5356,0.497888889,9,4.481,0.449,13.4,6.0166,33.8,78,15.1,1.8,3.3,5.1,0.093,21.8,1,2
Eric Gordon,76,215,Houston Rockets,30,13500375,16.2,0.4,0.6,1.9,2.2,0.783,2.2,1.7226,0.36,8.8,3.168,0.49524,5,2.4762,0.409,13.8,5.6442,31.7,68,12.2,1.7,1,2.6,0.059,22,-2.9,-0.5
Marcin Gortat,83,240,Los Angeles Clippers,34,13565218,5,0.5,0.1,1.4,5.6,0.729,1,0.729,,0,0,0.532,4,2.128,0.532,4,2.128,16,47,12.8,0.6,0.8,1.4,0.089,14.4,-1.1,0.2
Devonte' Graham,74,185,Charlotte Hornets,23,988464,4.7,0,0.5,2.6,1.4,0.761,1,0.761,0.281,2.6,0.7306,0.419761905,2.1,0.8815,0.343,4.7,1.6121,14.7,46,10.3,0.2,0.3,0.5,0.035,17,-4.3,-0.4
Treveon Graham,77,225,Brooklyn Nets,25,1512601,5.3,0.2,0.4,1,3.1,0.818,0.6,0.4908,0.297,3.7,1.0989,0.413111111,1.8,0.7436,0.335,5.5,1.8425,20.4,35,6.1,-0.1,0.6,0.5,0.033,12.8,-2.9,-0.2
Jerami Grant,81,220,Oklahoma City Thunder,24,8653847,13.6,1.3,0.8,1,5.2,0.71,2.8,1.988,0.392,3.7,1.4504,0.555863636,6.6,3.6687,0.497,10.3,5.1191,32.7,80,13.8,4,3.3,7.3,0.134,15.4,0.3,1.5
Jerian Grant,76,205,Orlando Magic,26,2639314,4.2,0.1,0.7,2.6,1.6,0.65,0.7,0.455,0.364,1.8,0.6552,0.469157895,1.9,0.8914,0.418,3.7,1.5466,15.7,60,10.8,0.5,1.1,1.7,0.085,13.4,-2,0
Danny Green,78,215,Toronto Raptors,31,10000000,10.3,0.7,0.9,1.6,4,0.841,0.6,0.5046,0.455,5.4,2.457,0.4866,2.5,1.2165,0.465,7.9,3.6735,27.7,80,13,3,2.9,5.9,0.128,14.1,2.9,2.7
Draymond Green,79,230,Golden State Warriors,28,17469565,7.4,1.1,1.4,6.9,7.3,0.692,1.4,0.9688,0.285,2.5,0.7125,0.547564103,3.9,2.1355,0.445,6.4,2.848,31.3,66,12.9,1.1,3.2,4.3,0.1,13.1,2,2.1
Gerald Green,79,205,Houston Rockets,33,2393887,9.2,0.4,0.5,0.5,2.5,0.838,0.9,0.7542,0.354,6,2.124,0.545263158,1.9,1.036,0.4,7.9,3.16,20.2,73,11.4,0.9,1,1.9,0.061,19.5,-3.4,-0.5
JaMychal Green,81,227,Los Angeles Clippers,28,7866667,9.4,0.5,0.7,0.8,6.3,0.792,1.6,1.2672,0.403,2.7,1.0881,0.529956522,4.6,2.4378,0.483,7.3,3.5259,21.1,65,14.7,0.9,1.9,2.9,0.101,19.4,-1.5,0.2
Jeff Green,81,235,Washington Wizards,32,2393887,12.3,0.5,0.6,1.8,4,0.888,2.7,2.3976,0.347,4.2,1.4574,0.589382979,4.7,2.7701,0.475,8.9,4.2275,27.2,77,13.6,2.8,0.8,3.6,0.083,17.8,-1.2,0.4
Blake Griffin,82,250,Detroit Pistons,29,32088932,24.5,0.4,0.7,5.4,7.5,0.753,7.3,5.4969,0.362,7,2.534,0.526220183,10.9,5.7358,0.462,17.9,8.2698,35,75,21,5.1,2.9,8,0.147,30.2,4.6,4.4
Daniel Hamilton,79,195,Atlanta Hawks,23,1349383,3,0.1,0.3,1.2,2.5,0.5,0.3,0.15,0.348,1.2,0.4176,0.404,2,0.808,0.383,3.2,1.2256,10.7,19,7.1,-0.2,0.1,-0.1,-0.024,15.7,-5.8,-0.2
Dusty Hannahs,75,210,Memphis Grizzlies,25,47371,4,0,0.5,2.5,0.5,1,1,1,0,2.5,0,0.428571429,3.5,1.5,0.25,6,1.5,13,2,4.5,-0.1,0,-0.1,-0.125,23.9,-12.2,-0.1
Tim Hardaway Jr.,78,205,Dallas Mavericks,26,17325000,18.1,0.1,0.8,2.4,3.4,0.841,4.2,3.5322,0.34,7.3,2.482,0.4413625,8,3.5309,0.393,15.3,6.0129,31.6,65,13.6,1,0.9,1.8,0.043,25.4,-2.4,-0.2
James Harden,77,220,Houston Rockets,29,30431854,36.1,0.7,2,7.5,6.6,0.879,11,9.669,0.368,13.2,4.8576,0.528442478,11.3,5.9714,0.442,24.5,10.829,36.8,78,30.6,11.4,3.8,15.2,0.254,40.5,11.7,9.9
Maurice Harkless,81,220,Portland Trail Blazers,25,10837079,7.7,0.9,1.1,1.2,4.5,0.671,1.2,0.8052,0.275,2,0.55,0.581222222,4.5,2.6155,0.487,6.5,3.1655,23.6,60,13.2,1.5,1.9,3.4,0.114,13.9,2.2,1.5
Montrezl Harrell,80,240,Los Angeles Clippers,25,6000000,16.6,1.3,0.9,2,6.5,0.643,5,3.215,0.176,0.2,0.0352,0.623283019,10.6,6.6068,0.615,10.8,6.642,26.3,82,23.4,6.1,2.6,8.7,0.193,23.5,4.2,3.4
Devin Harris,75,185,Dallas Mavericks,35,2393887,6.3,0.2,0.5,1.8,1.6,0.761,2,1.522,0.31,2.9,0.899,0.472272727,2.2,1.039,0.38,5.1,1.938,15.8,68,10.7,0.6,0.9,1.5,0.068,18.5,-2.2,-0.1
Gary Harris,76,210,Denver Nuggets,24,16517857,12.9,0.3,1,2.2,2.8,0.799,2.5,1.9975,0.339,4.2,1.4238,0.475,7,3.325,0.424,11.2,4.7488,28.8,57,12.2,1.1,1.5,2.6,0.076,20,-1.8,0.1
Joe Harris,78,218,Brooklyn Nets,27,8333333,13.7,0.2,0.5,2.4,3.8,0.827,1.8,1.4886,0.474,5.1,2.4174,0.528212766,4.7,2.4826,0.5,9.8,4.9,30.2,76,13.5,3.8,1.7,5.5,0.116,17,1,1.7
Tobias Harris,81,235,Philadelphia 76ers,26,14800000,20,0.5,0.6,2.8,7.9,0.866,3.7,3.2042,0.397,4.8,1.9056,0.528142857,10.5,5.5455,0.487,15.3,7.4511,34.7,82,17.2,4.5,2.6,7.1,0.12,22.8,0.5,1.8
Andrew Harrison,78,213,Memphis Grizzlies,24,200000,3.2,0.1,0.2,1.4,1.2,0.944,1.1,1.0384,0.2,1.5,0.3,0.397625,1.6,0.6362,0.302,3.1,0.9362,11,17,5.8,-0.1,0,-0.1,-0.027,16.8,-6.6,-0.2
Shaquille Harrison,76,190,Phoenix Suns,25,50000,6.5,0.4,1.2,1.9,3,0.667,1.7,1.1339,0.27,1.2,0.324,0.47426087,4.6,2.1816,0.432,5.8,2.5056,19.6,73,12.4,-0.1,1.6,1.4,0.048,16.5,-1.3,0.2
Josh Hart,77,215,Los Angeles Lakers,23,1655160,7.8,0.6,1,1.4,3.7,0.688,1.2,0.8256,0.336,4.1,1.3776,0.510964286,2.8,1.4307,0.407,6.9,2.8083,25.6,67,9.3,0.2,1.9,2.1,0.059,13.5,-0.7,0.6
Isaiah Hartenstein,84,249,Houston Rockets,20,838464,1.9,0.4,0.3,0.5,1.7,0.786,0.5,0.393,0.333,0.2,0.0666,0.511846154,1.3,0.6654,0.488,1.5,0.732,7.9,28,10,0.2,0.3,0.5,0.101,11.8,-0.6,0.1
Udonis Haslem,80,235,Miami Heat,38,2393887,2.5,0,0,0.2,2.7,0.75,0.4,0.3,0,1.2,0,0.523285714,2.1,1.0989,0.333,3.3,1.0989,7.4,10,3.6,-0.2,0.1,-0.1,-0.075,21.9,-14.1,-0.2
Gordon Hayward,80,225,Boston Celtics,28,31214295,11.5,0.3,0.9,3.4,4.5,0.834,2.6,2.1684,0.333,3.2,1.0656,0.542,5.6,3.0352,0.466,8.8,4.1008,25.9,72,15.6,2.6,2.3,4.9,0.126,19,0.5,1.2
John Henson,83,219,Cleveland Cavaliers,28,11327466,5.6,0.8,0.5,1,5.1,0.6,0.7,0.42,0.355,2.2,0.781,0.554384615,2.6,1.4414,0.463,4.8,2.2224,13.4,14,17.1,0.1,0.4,0.6,0.146,18.6,1.3,0.2
Juan Hernangomez,81,230,Denver Nuggets,23,2166360,5.8,0.3,0.4,0.8,3.8,0.767,1.2,0.9204,0.365,2.6,0.949,0.540263158,1.9,1.0265,0.439,4.5,1.9755,19.4,70,11,1.6,1.4,3,0.105,12.2,-0.9,0.4
Willy Hernangomez,83,240,Charlotte Hornets,24,1544951,7.3,0.3,0.3,1,5.4,0.694,2.5,1.735,0.385,0.7,0.2695,0.540318182,4.4,2.3774,0.519,5.1,2.6469,14,58,20.4,1.8,0.8,2.6,0.153,22.1,-0.2,0.4
Mario Hezonja,80,225,New York Knicks,23,6500000,8.8,0.1,1,1.5,4.1,0.763,2,1.526,0.276,2.6,0.7176,0.477481481,5.4,2.5784,0.412,8,3.296,20.8,58,10.8,-1.1,1.1,-0.1,-0.003,21.3,-4,-0.6
Buddy Hield,76,214,Sacramento Kings,26,3833760,20.7,0.4,0.7,2.5,5,0.886,2.4,2.1264,0.427,7.9,3.3733,0.486149425,8.7,4.2295,0.458,16.6,7.6028,31.9,82,17.5,4.3,1.6,5.9,0.108,25.1,1.1,2.1
Nene,83,250,Houston Rockets,36,3651480,3.6,0.4,0.4,0.6,2.9,0.66,1.1,0.726,0,0.1,0,0.536148148,2.7,1.4476,0.517,2.8,1.4476,13,42,11.9,0.8,0.6,1.4,0.123,11.7,-2,0
George Hill,75,188,Milwaukee Bucks,32,19000000,7.6,0.1,0.9,2.3,2.5,0.824,1.4,1.1536,0.314,2.6,0.8164,0.548972973,3.7,2.0312,0.452,6.3,2.8476,21.7,60,12.1,1.5,1.3,2.8,0.103,15.1,-1,0.3
Solomon Hill,79,225,New Orleans Pelicans,27,12252928,4.3,0.2,0.5,1.3,3,0.719,0.7,0.5033,0.317,2.3,0.7291,0.469941176,1.7,0.7989,0.382,4,1.528,20,44,6.8,0.1,0.4,0.5,0.029,10.4,-2.3,-0.1
Aaron Holiday,73,185,Indiana Pacers,22,1911960,5.9,0.3,0.4,1.7,1.3,0.82,1,0.82,0.339,2.5,0.8475,0.458407407,2.7,1.2377,0.401,5.2,2.0852,12.9,50,11.9,0.1,0.8,0.9,0.065,21.9,-2.6,-0.1
Jrue Holiday,76,205,New Orleans Pelicans,28,25976111,21.2,0.8,1.6,7.7,5,0.768,4,3.072,0.325,5.4,1.755,0.538705882,11.9,6.4106,0.472,17.3,8.1656,35.9,67,19.4,3.5,1.9,5.4,0.108,25.4,2.8,2.9
Justin Holiday,78,181,Memphis Grizzlies,29,4384616,10.5,0.4,1.5,1.8,3.9,0.896,1.3,1.1648,0.348,5.7,1.9836,0.443,3.8,1.6834,0.386,9.5,3.667,31.8,82,10,-0.4,2.5,2.1,0.038,15.7,-0.8,0.8
Rondae Hollis-Jefferson,79,217,Brooklyn Nets,24,2470357,8.9,0.5,0.7,1.6,5.3,0.645,3.1,1.9995,0.184,0.8,0.1472,0.435213333,7.5,3.2641,0.411,8.3,3.4113,20.9,59,12.5,-0.5,1.7,1.2,0.047,21.6,-3,-0.3
Richaun Holmes,82,235,Phoenix Suns,25,1600520,8.2,1.1,0.6,0.9,4.7,0.731,2.5,1.8275,,0,0,0.608,5.2,3.1616,0.608,5.2,3.1616,16.9,70,20.7,3.1,1.1,4.3,0.173,17.9,1.4,1
Rodney Hood,80,206,Portland Trail Blazers,26,3472887,11.2,0.2,0.8,1.8,2.2,0.884,2.2,1.9448,0.356,3.3,1.1748,0.47845,6,2.8707,0.435,9.3,4.0455,26.3,72,12.3,2.1,0.5,2.6,0.065,18.1,-2.4,-0.2
Al Horford,82,245,Boston Celtics,32,28928710,13.6,1.3,0.9,4.2,6.7,0.821,1.4,1.1494,0.36,3,1.08,0.604078947,7.6,4.591,0.535,10.6,5.671,29,68,20.2,4.5,2.9,7.5,0.181,18.9,4.8,3.4
Dwight Howard,83,265,Washington Wizards,33,5337000,12.8,0.4,0.8,0.4,9.2,0.604,5.3,3.2012,,0,0,0.623,7.7,4.7971,0.623,7.7,4.7971,25.6,9,17.4,0.4,0.2,0.6,0.124,19.6,-5.2,-0.2
Kevin Huerter,79,190,Atlanta Hawks,20,2250960,9.7,0.3,0.9,2.9,3.3,0.732,0.7,0.5124,0.385,4.7,1.8095,0.45797561,4.1,1.8777,0.419,8.8,3.6872,27.3,75,10.1,0.7,0.7,1.5,0.034,15.7,-1.9,0.1
Isaac Humphries,84,255,Atlanta Hawks,21,47371,3,0,0.2,0,2.2,,0,0,0.273,2.2,0.6006,0.3003,2,0.6006,0.286,4.2,1.2012,11.2,5,3.4,-0.1,0,-0.1,-0.047,15.2,-12.8,-0.2
Chandler Hutchison,79,197,Chicago Bulls,22,1991520,5.2,0.1,0.5,0.8,4.2,0.605,0.9,0.5445,0.28,1.1,0.308,0.512216216,3.7,1.8952,0.459,4.8,2.2032,20.3,44,8.8,0,0.6,0.6,0.03,12.2,-4.3,-0.5
Serge Ibaka,82,235,Toronto Raptors,29,21666667,15,1.4,0.4,1.3,8.1,0.763,2.4,1.8312,0.29,2.3,0.667,0.586260417,9.6,5.6281,0.529,11.9,6.2951,27.2,74,18.7,2.8,3.3,6.1,0.146,22.9,0.5,1.3
Andre Iguodala,78,215,Golden State Warriors,35,16000000,5.7,0.8,0.9,3.2,3.7,0.582,1,0.582,0.333,2.1,0.6993,0.652478261,2.3,1.5007,0.5,4.4,2.2,23.2,68,13.1,2.4,1.8,4.2,0.129,10.4,1.9,1.6
Ersan Ilyasova,82,235,Milwaukee Bucks,31,7000000,6.8,0.3,0.5,0.8,4.5,0.824,1.1,0.9064,0.363,2.4,0.8712,0.492545455,3.3,1.6254,0.438,5.7,2.4966,18.4,67,11.6,1.2,1.9,3,0.119,15.7,-1.3,0.2
Joe Ingles,80,226,Utah Jazz,31,13045455,12.1,0.2,1.2,5.7,4,0.707,1.5,1.0605,0.391,5.9,2.3069,0.534230769,3.9,2.0835,0.448,9.8,4.3904,31.3,82,13.4,2.5,3.6,6,0.113,17.5,1.8,2.5
Andre Ingram,75,190,Los Angeles Lakers,33,76236,0,0,0.3,0,0.5,,0,0,0,0.8,0,0,0.7,0,0,1.5,0,3.8,4,-11.9,-0.1,0,-0.1,-0.408,19.3,-19.9,-0.1
Brandon Ingram,81,190,Los Angeles Lakers,21,5757120,18.3,0.6,0.5,3,5.1,0.675,5.6,3.78,0.33,1.8,0.594,0.521639344,12.2,6.364,0.497,14,6.958,33.8,52,13.4,0.6,1.4,2,0.055,23.2,-2.8,-0.3
Kyrie Irving,75,193,Boston Celtics,26,20099189,23.8,0.5,1.5,6.9,5,0.873,3.7,3.2301,0.401,6.5,2.6065,0.533583333,12,6.403,0.487,18.5,9.0095,33,67,24.3,6.2,2.9,9.1,0.197,29.6,6.4,4.7
Jonathan Isaac,82,210,Orlando Magic,21,4969080,9.6,1.3,0.8,1.1,5.5,0.815,1.8,1.467,0.323,3.5,1.1305,0.509652174,4.6,2.3444,0.429,8.1,3.4749,26.6,75,13,0.9,3.1,4,0.096,16.3,0.1,1.1
Wesley Iwundu,79,195,Orlando Magic,24,1378242,5,0.3,0.4,1.1,2.7,0.816,1.5,1.224,0.367,1.2,0.4404,0.431285714,2.8,1.2076,0.412,4,1.648,18.1,68,8.7,0.5,1.4,1.9,0.073,12.8,-2.7,-0.2
Demetrius Jackson,73,201,Boston Celtics,24,92857,3.7,0,0.3,0.8,0.5,1,0.7,0.7,0.333,1,0.333,0.666333333,1.5,0.9995,0.533,2.5,1.3325,6.5,6,21,0.2,0,0.2,0.231,19.1,1,0
Frank Jackson,75,205,New Orleans Pelicans,20,1378242,8.1,0,0.4,1.1,2.2,0.74,1.2,0.888,0.314,2.8,0.8792,0.508666667,4.5,2.289,0.434,7.3,3.1682,19.2,61,9.4,0.1,0.4,0.4,0.018,18.5,-5,-0.9
Jaren Jackson Jr.,83,242,Memphis Grizzlies,19,5915040,13.8,1.4,0.9,1.1,4.7,0.766,3.4,2.6044,0.359,2.4,0.8616,0.551230769,7.8,4.2996,0.506,10.2,5.1612,26.1,58,16.4,1.2,2.2,3.3,0.105,22.8,0.1,0.8
Josh Jackson,80,200,Phoenix Suns,21,6041520,11.5,0.7,0.9,2.3,4.4,0.671,2.7,1.8117,0.324,2.8,0.9072,0.444948718,7.8,3.4706,0.413,10.6,4.3778,25.2,79,10.6,-2.8,1.1,-1.7,-0.04,23.9,-4.8,-1.4
Justin Jackson,80,210,Dallas Mavericks,23,2807880,7.2,0.2,0.4,1.2,2.6,0.785,1,0.785,0.355,3,1.065,0.539,3,1.617,0.447,6,2.682,19.9,81,11.3,2,0.9,2.9,0.086,14.3,-1.6,0.2
Reggie Jackson,75,208,Detroit Pistons,28,17043478,15.4,0.1,0.7,4.2,2.6,0.864,2.9,2.5056,0.369,5.7,2.1033,0.462746479,7.1,3.2855,0.421,12.8,5.3888,27.9,82,15.2,3.1,1.9,5,0.105,24.5,-0.3,1
LeBron James,80,250,Los Angeles Lakers,34,35654150,27.4,0.6,1.3,8.3,8.5,0.665,7.6,5.054,0.339,5.9,2.0001,0.582064286,14,8.1489,0.51,19.9,10.149,35.2,55,25.6,4.7,2.6,7.2,0.179,31.6,8.1,4.9
John Jenkins,76,215,Washington Wizards,27,99290,4.7,0.1,0,0.8,1.4,0.833,0.7,0.5831,0.379,2.2,0.8338,0.425666667,1.8,0.7662,0.4,4,1.6,12.8,26,9.7,0.2,0,0.2,0.031,15.7,-5.2,-0.3
Jonas Jerebko,82,231,Golden State Warriors,31,2165481,6.3,0.2,0.4,1.3,3.9,0.8,1.1,0.88,0.367,2.6,0.9542,0.563,2.3,1.2949,0.459,4.9,2.2491,16.7,73,13.5,2.1,1.2,3.3,0.13,15.2,0,0.6
Alize Johnson,81,212,Indiana Pacers,22,838464,0.9,0.2,0.1,0.1,1.4,0.5,0.6,0.3,0.5,0.1,0.05,0.225,1,0.225,0.25,1.1,0.275,4.6,14,6.3,-0.1,0.1,0,0.027,13.3,-8.1,-0.1
Amir Johnson,81,240,Philadelphia 76ers,31,2393887,3.9,0.3,0.3,1.2,2.9,0.756,0.8,0.6048,0.3,0.8,0.24,0.573608696,2.3,1.3193,0.503,3.1,1.5593,10.4,51,13.1,0.4,0.7,1.1,0.098,17.4,-0.7,0.2
B.J. Johnson,79,200,Atlanta Hawks,23,94742,3.3,0,0.3,0,1.1,1,0.3,0.3,0.429,1,0.429,0.544375,1.6,0.871,0.5,2.6,1.3,7,7,12.8,0,0,0.1,0.066,17.4,-8.5,-0.1
James Johnson,80,240,Miami Heat,31,14651700,7.8,0.5,0.6,2.5,3.2,0.714,1.3,0.9282,0.336,2.7,0.9072,0.495357143,4.2,2.0805,0.433,6.9,2.9877,21.2,55,10.9,0,1.5,1.5,0.062,17.8,-1.6,0.1
Stanley Johnson,79,245,New Orleans Pelicans,22,3940402,6.9,0.2,0.9,1.3,3.3,0.781,1,0.781,0.288,3.3,0.9504,0.487029412,3.4,1.6559,0.389,6.7,2.6063,18.3,66,9.6,-1.1,1.6,0.5,0.021,19.4,-2.6,-0.2
Tyler Johnson,76,190,Phoenix Suns,26,19245370,10.9,0.5,0.9,2.9,3,0.748,2.2,1.6456,0.346,4.6,1.5916,0.48,4.6,2.208,0.413,9.2,3.7996,26.8,57,12.4,0.9,1.4,2.3,0.071,18.5,-1,0.4
Wesley Johnson,79,215,Washington Wizards,31,6134520,3.4,0.3,0.4,0.6,1.9,0.684,0.5,0.342,0.329,2,0.658,0.384857143,1.4,0.5388,0.352,3.4,1.1968,14.1,38,5.5,-0.3,0.3,0,0.001,12,-4.3,-0.3
Nikola Jokic,84,250,Denver Nuggets,23,24605181,20.1,0.7,1.4,7.3,10.8,0.821,4.4,3.6124,0.307,3.4,1.0438,0.570282051,11.7,6.6723,0.511,15.1,7.7161,31.3,80,26.3,7.5,4.3,11.8,0.226,27.4,9.5,7.3
Damian Jones,84,245,Golden State Warriors,23,1544951,5.4,1,0.5,1.2,3.1,0.649,1.5,0.9735,,0,0,0.716,3.1,2.2196,0.716,3.1,2.2196,17.1,24,15.3,1,0.5,1.5,0.173,11.1,3,0.5
Derrick Jones Jr.,79,200,Miami Heat,21,1512601,7,0.7,0.8,0.6,4,0.607,2,1.214,0.308,1.5,0.462,0.565538462,3.9,2.2056,0.494,5.4,2.6676,19.2,60,14,1.2,1.7,2.9,0.121,15.6,0.2,0.6
Terrence Jones,81,252,Houston Rockets,27,198580,1,0,0,0,2,0,0.5,0,0,1,0,0.5,1,0.5,0.25,2,0.5,2.5,2,-15.8,-0.1,0,-0.1,-0.661,47.2,-52.3,-0.1
Tyus Jones,74,196,Minnesota Timberwolves,22,2444053,6.9,0.1,1.2,4.8,2,0.841,1,0.841,0.317,1.9,0.6023,0.454617021,4.7,2.1367,0.415,6.6,2.739,22.9,68,13.7,2.1,0.9,3,0.091,14.1,-1.8,0.1
DeAndre Jordan,83,265,New York Knicks,30,22900000,11,1.1,0.6,2.3,13.1,0.705,3.8,2.679,,0,0,0.641,6.5,4.1665,0.641,6.5,4.1665,29.7,69,19,4,3.1,7.1,0.167,15,2.4,2.3
Cory Joseph,75,193,Indiana Pacers,27,7945000,6.5,0.3,1.1,3.9,3.4,0.698,0.5,0.349,0.322,2.1,0.6762,0.453086957,4.6,2.0842,0.412,6.7,2.7604,25.2,82,11,0.5,2.9,3.5,0.081,13.7,-0.5,0.8
Frank Kaminsky,84,242,Charlotte Hornets,25,3627842,8.6,0.3,0.3,1.3,3.5,0.738,2.3,1.6974,0.36,3,1.08,0.556636364,3.3,1.8369,0.463,6.3,2.9169,16.1,47,16.8,1.3,0.5,1.8,0.114,22.1,-0.9,0.2
Enes Kanter,83,250,New York Knicks,26,18622514,13.7,0.4,0.5,1.7,9.8,0.787,2.9,2.2823,0.294,0.5,0.147,0.56214433,9.7,5.4528,0.549,10.2,5.5998,24.5,67,22.3,3.9,1.6,5.4,0.159,23.1,1.3,1.4
Luke Kennard,77,206,Detroit Pistons,22,3275280,9.7,0.2,0.4,1.8,2.9,0.836,1,0.836,0.394,4.3,1.6942,0.4853,4,1.9412,0.438,8.3,3.6354,22.8,63,11.9,1.3,1.3,2.5,0.085,18.1,-1.5,0.2
Michael Kidd-Gilchrist,79,232,Charlotte Hornets,25,13000000,6.7,0.6,0.5,1,3.8,0.772,1.9,1.4668,0.34,0.7,0.238,0.497155556,4.5,2.2372,0.476,5.2,2.4752,18.4,64,13.3,1.5,1,2.5,0.1,15.7,-1.3,0.2
Maxi Kleber,83,240,Dallas Mavericks,27,1378242,6.8,1.1,0.5,1,4.6,0.784,1,0.784,0.353,3.1,1.0943,0.587782609,2.3,1.3519,0.453,5.4,2.4462,21.2,71,13.1,1.6,1.8,3.5,0.111,13.5,1.5,1.3
Brandon Knight,75,195,Cleveland Cavaliers,27,14631250,6.8,0.1,0.5,1.8,1.5,0.794,0.9,0.7146,0.318,3.3,1.0494,0.442147059,3.4,1.5033,0.381,6.7,2.5527,18.9,39,8.9,-0.1,0,0,-0.002,18.1,-5,-0.6
Kevin Knox,81,215,New York Knicks,19,3739920,12.8,0.3,0.6,1.1,4.5,0.717,3,2.151,0.343,4.9,1.6807,0.388123288,7.3,2.8333,0.37,12.2,4.514,28.8,75,8.7,-2.2,0.9,-1.3,-0.03,22.3,-6,-2.2
Furkan Korkmaz,79,190,Philadelphia 76ers,21,1740000,5.8,0,0.6,1.1,2.2,0.818,0.9,0.7362,0.326,3,0.978,0.505714286,2.1,1.062,0.4,5.1,2.04,14.1,48,11.5,0.4,0.7,1.1,0.079,17.9,-2.2,0
Luke Kornet,85,250,New York Knicks,23,1619000,7,0.9,0.6,1.2,2.9,0.826,1,0.826,0.363,4.2,1.5246,0.4095,2,0.819,0.378,6.2,2.3436,17,46,14.8,0.6,0.7,1.4,0.083,17.9,0.7,0.5
Kyle Korver,79,212,Utah Jazz,37,7560000,8.6,0.2,0.4,1.2,2.3,0.822,1,0.822,0.397,5,1.985,0.466,1.9,0.8854,0.416,6.9,2.8704,19.1,70,11.2,1,1.3,2.3,0.082,18.5,-1.5,0.2
Kosta Koufos,84,245,Sacramento Kings,29,8739500,3.7,0.4,0.4,0.9,4.2,0.417,0.6,0.2502,,0,0,0.477,3.6,1.7172,0.477,3.6,1.7172,12,42,12.3,0,0.7,0.7,0.063,15.7,-2.5,-0.1
Rodions Kurucs,81,210,Brooklyn Nets,20,1618320,8.5,0.4,0.7,0.8,3.9,0.783,1.5,1.1745,0.315,2.9,0.9135,0.543214286,4.2,2.2815,0.45,7.1,3.195,20.5,63,11,0.1,1.5,1.6,0.059,18.4,-2.4,-0.1
Kyle Kuzma,81,220,Los Angeles Lakers,23,1689840,18.7,0.4,0.6,2.5,5.5,0.752,3.6,2.7072,0.303,6,1.818,0.552631579,9.5,5.25,0.456,15.5,7.068,33.1,70,14,1.2,1.9,3.1,0.065,23.8,-1.7,0.2
Skal Labissiere,83,235,Portland Trail Blazers,22,1544951,3,0.3,0.2,0.5,2,0.529,0.8,0.4232,0.462,0.6,0.2772,0.556875,1.6,0.891,0.531,2.2,1.1682,8,22,12.6,0.1,0.2,0.3,0.089,16,-1.8,0
Jeremy Lamb,77,185,Charlotte Hornets,26,7488372,15.3,0.4,1.1,2.2,5.5,0.888,3.3,2.9304,0.348,4.2,1.4616,0.487121951,8.2,3.9944,0.44,12.4,5.456,28.5,79,17.3,3.3,2,5.3,0.113,22.5,0.1,1.2
Zach LaVine,77,200,Chicago Bulls,23,19500000,23.7,0.4,1,4.5,4.7,0.832,6,4.992,0.374,5.1,1.9074,0.503767442,12.9,6.4986,0.467,18,8.406,34.5,63,18.7,1.7,1.1,2.8,0.062,30.5,0,1.1
Jake Layman,81,215,Portland Trail Blazers,24,1544951,7.6,0.4,0.4,0.7,3.1,0.704,1,0.704,0.326,2.5,0.815,0.639714286,3.5,2.239,0.509,6,3.054,18.7,71,13.5,1.9,1.2,3.1,0.111,15.9,-0.3,0.6
T.J. Leaf,82,225,Indiana Pacers,21,2407560,3.9,0.3,0.2,0.4,2.2,0.613,0.5,0.3065,0.258,0.5,0.129,0.593407407,2.7,1.6022,0.541,3.2,1.7312,9,58,16.9,0.9,0.7,1.6,0.148,17.5,-1,0.1
Courtney Lee,77,215,Dallas Mavericks,33,12253780,4,0.1,0.6,1.1,1.6,0.667,0.6,0.4002,0.291,1.6,0.4656,0.498272727,2.2,1.0962,0.411,3.8,1.5618,12.6,34,10.3,0.1,0.4,0.4,0.05,15.3,-2.8,-0.1
Alex Len,85,250,Atlanta Hawks,25,4350000,11.1,0.9,0.4,1.1,5.5,0.648,2.8,1.8144,0.363,2.6,0.9438,0.552724138,5.8,3.2058,0.494,8.4,4.1496,20.1,77,17.2,2.2,1,3.2,0.1,22.1,-0.9,0.4
Kawhi Leonard,79,230,Toronto Raptors,27,23114067,26.6,0.4,1.8,3.3,7.3,0.854,7.1,6.0634,0.371,5,1.855,0.541289855,13.8,7.4698,0.496,18.8,9.3248,34,60,25.8,6.1,3.4,9.5,0.224,30.3,5,3.6
Meyers Leonard,85,255,Portland Trail Blazers,26,10595506,5.9,0.1,0.2,1.2,3.8,0.843,0.8,0.6744,0.45,1.8,0.81,0.622727273,2.2,1.37,0.545,4,2.18,14.4,61,15.8,2.1,0.9,3,0.164,14.8,1.4,0.8
Jon Leuer,82,228,Detroit Pistons,29,10002681,3.8,0.1,0.3,0.3,2.4,0.742,0.8,0.5936,0.091,0.3,0.0273,0.64316,2.5,1.6079,0.584,2.8,1.6352,9.8,41,13.2,0.4,0.5,0.9,0.11,16.1,-3,-0.1
Caris LeVert,79,204,Brooklyn Nets,24,1702800,13.7,0.4,1.1,3.9,3.8,0.691,3.1,2.1421,0.312,3.9,1.2168,0.484646341,8.2,3.9741,0.429,12.1,5.1909,26.6,40,14.9,0.5,1.2,1.7,0.077,24,-0.2,0.5
Damian Lillard,75,195,Portland Trail Blazers,28,27977689,25.8,0.4,1.1,6.9,4.6,0.912,6.4,5.8368,0.369,8,2.952,0.497571429,11.2,5.5728,0.444,19.2,8.5248,35.5,80,23.7,9.7,2.4,12.1,0.205,29.3,5.5,5.4
Jeremy Lin,75,200,Atlanta Hawks,30,13768421,9.6,0.2,0.6,3.1,2.4,0.838,2.8,2.3464,0.294,2.5,0.735,0.516041667,4.8,2.477,0.44,7.3,3.212,19.4,74,13.5,1.2,0.9,2.1,0.07,21.8,-2.9,-0.3
Shaun Livingston,79,192,Golden State Warriors,33,8307692,4,0.4,0.5,1.8,1.8,0.784,0.8,0.6272,0,0,0,0.519,3.3,1.7127,0.519,3.3,1.7127,15.1,64,11.7,1.2,0.9,2,0.101,12,-1.5,0.1
Kevon Looney,81,220,Golden State Warriors,22,1567007,6.3,0.7,0.6,1.5,5.2,0.619,1.3,0.8047,0.1,0.1,0.01,0.6375,4.2,2.6775,0.625,4.3,2.6875,18.5,80,17.3,4.2,1.8,6,0.194,12.8,3.7,2.1
Brook Lopez,84,270,Milwaukee Bucks,30,3382000,12.5,2.2,0.6,1.2,4.9,0.842,1.6,1.3472,0.365,6.3,2.2995,0.613205882,3.4,2.0849,0.452,9.7,4.3844,28.7,81,14.6,2.3,4.3,6.7,0.138,16.7,2.7,2.8
Robin Lopez,84,275,Chicago Bulls,30,14357750,9.5,1.1,0.1,1.2,3.9,0.724,1.7,1.2308,0.226,0.4,0.0904,0.588117647,6.8,3.9992,0.568,7.2,4.0896,21.7,74,15.9,2,0.7,2.7,0.081,18.6,-1.1,0.4
Kevin Love,82,251,Cleveland Cavaliers,30,24119025,17,0.2,0.3,2.2,10.9,0.904,5.2,4.7008,0.361,6.7,2.4187,0.410935484,6.2,2.5478,0.385,12.9,4.9665,27.2,22,19.5,1,0.4,1.3,0.106,27.4,-1.7,0
Kyle Lowry,73,196,Toronto Raptors,32,31200000,14.2,0.5,1.4,8.7,4.8,0.83,3,2.49,0.347,7,2.429,0.512818182,4.4,2.2564,0.411,11.4,4.6854,34,65,16.5,3.6,3,6.6,0.144,19.6,3.1,2.8
Timothe Luwawu-Cabarrot,78,210,Chicago Bulls,23,1544951,4.6,0.2,0.4,0.5,1.9,0.756,0.8,0.6048,0.31,2.3,0.713,0.448285714,2.1,0.9414,0.376,4.4,1.6544,13.4,50,8,-0.3,0.5,0.2,0.015,16.6,-5,-0.5
Tyler Lydon,82,225,Denver Nuggets,22,1874640,0.9,0,0.1,0.2,0.7,0.333,0.1,0.0333,0.4,0.4,0.16,0.633333333,0.3,0.19,0.5,0.7,0.35,3.8,25,9.3,0.1,0.1,0.2,0.086,10.6,-2.5,0
Trey Lyles,82,234,Denver Nuggets,23,3364249,8.5,0.4,0.5,1.4,3.8,0.698,1.8,1.2564,0.255,3.1,0.7905,0.527847826,4.6,2.4281,0.418,7.7,3.2186,17.5,64,12.7,-0.2,1.4,1.2,0.05,23.4,-3.3,-0.4
Scott Machado,73,205,Los Angeles Lakers,28,47371,2.5,0,0.3,0.8,0,1,0.3,0.3,1,0.3,0.3,0.58375,1.2,0.7005,0.667,1.5,1.0005,4.8,4,22.2,0.1,0,0.1,0.281,14,-4.4,0
Shelvin Mack,75,203,Orlando Magic,28,1000000,7.5,0.1,0.8,3.2,1.8,0.69,1.5,1.035,0.354,2.3,0.8142,0.427958333,4.8,2.0542,0.404,7.1,2.8684,21.9,57,10.4,-0.2,1.1,0.9,0.034,18.1,-4.1,-0.7
Ian Mahinmi,83,262,Washington Wizards,32,15944154,4.1,0.5,0.7,0.7,3.8,0.689,1.8,1.2402,0.188,0.5,0.094,0.502769231,2.6,1.3072,0.452,3.1,1.4012,14.6,34,12,0.5,0.5,1,0.092,12.9,-1,0.1
Thon Maker,85,221,Detroit Pistons,21,2799720,5,0.8,0.3,0.7,3.2,0.667,1.3,0.8671,0.32,2.4,0.768,0.523,1.8,0.9414,0.407,4.2,1.7094,15.2,64,11.3,0.5,1.5,2,0.099,14.8,-0.7,0.3
Boban Marjanovic,87,290,Philadelphia 76ers,30,7000000,7.3,0.5,0.3,0.9,4.6,0.748,2.3,1.7204,0.4,0.2,0.08,0.625,4.3,2.6875,0.615,4.5,2.7675,11.7,58,24.2,2.1,0.9,3,0.212,23.3,1.9,0.7
Lauri Markkanen,84,240,Chicago Bulls,21,4536120,18.7,0.6,0.7,1.4,9,0.872,3.8,3.3136,0.361,6.4,2.3104,0.479617978,8.9,4.2686,0.43,15.3,6.579,32.3,52,17.1,1.3,1.5,2.7,0.078,25.1,-1.9,0
Jarell Martin,82,239,Orlando Magic,24,2416222,2.7,0.2,0.1,0.4,1.7,0.818,0.3,0.2454,0.351,1.4,0.4914,0.491909091,1.1,0.5411,0.413,2.5,1.0325,7.8,42,9.4,0.1,0.4,0.5,0.073,15.9,-3.9,-0.2
Frank Mason III,71,190,Sacramento Kings,24,1378242,5.1,0.1,0.4,2.2,1.1,0.684,1.5,1.026,0.219,1.7,0.3723,0.546555556,2.7,1.4757,0.42,4.4,1.848,11.4,38,12.4,0,0.3,0.3,0.033,21.8,-4.5,-0.3
Wesley Matthews,77,220,New York Knicks,32,18622514,12.2,0.2,0.8,2.3,2.5,0.81,2.4,1.944,0.372,5.8,2.1576,0.437767442,4.3,1.8824,0.4,10.1,4.04,30.3,69,10.3,1.1,1.5,2.7,0.062,17.8,-1.5,0.3
Luc Mbah a Moute,80,230,Los Angeles Clippers,32,4320500,5,0.3,0.3,0.5,1.8,0.4,1.3,0.52,0.333,1.5,0.4995,0.4995,3,1.4985,0.444,4.5,1.998,15.3,4,6.7,0,0,0,0.009,15.4,-5.4,-0.1
Tahjere McCall,77,195,Brooklyn Nets,24,47371,4,0,0,0,1,0,1,0,0,1,0,1.0005,2,2.001,0.667,3,2.001,8,1,9.6,0,0,0,0.055,18.1,-9.8,0
Patrick McCaw,79,185,Cleveland Cavaliers,23,323529,2.6,0.1,0.8,1,1.7,0.867,0.5,0.4335,0.321,1,0.321,0.489666667,1.2,0.5876,0.413,2.2,0.9086,13.7,29,7.5,0,0.5,0.5,0.065,9.4,-1.2,0.1
CJ McCollum,75,190,Portland Trail Blazers,27,25759766,21,0.4,0.8,3,4,0.828,2.7,2.2356,0.375,6.4,2.4,0.506157895,11.4,5.7702,0.459,17.8,8.1702,33.9,70,17,4,1.7,5.6,0.114,25.5,0.3,1.3
T.J. McConnell,74,190,Philadelphia 76ers,26,1600520,6.4,0.2,1,3.4,2.3,0.784,0.5,0.392,0.333,0.6,0.1998,0.548510204,4.9,2.6877,0.525,5.5,2.8875,19.3,76,13.4,1.2,1.7,2.9,0.094,15,-1.6,0.1
Doug McDermott,80,225,Indiana Pacers,27,7333334,7.3,0.1,0.2,0.9,1.4,0.835,1,0.835,0.408,2.7,1.1016,0.571035714,2.8,1.5989,0.491,5.5,2.7005,17.4,77,11.6,1.8,1.1,2.9,0.103,16.3,-2.1,0
JaVale McGee,84,270,Los Angeles Lakers,31,2393887,12,2,0.6,0.7,7.5,0.632,2,1.264,0.083,0.2,0.0166,0.637036145,8.3,5.2874,0.624,8.5,5.304,22.3,75,21.8,3,2.9,5.9,0.171,20.2,1.9,1.7
Rodney McGruder,76,200,Los Angeles Clippers,27,1544951,7.6,0.2,0.5,1.7,3.6,0.722,1.1,0.7942,0.351,3.4,1.1934,0.452111111,3.6,1.6276,0.403,7,2.821,23.5,66,9.4,0.4,1.6,1.9,0.059,15.4,-2,0
Alfonzo McKinnie,80,215,Golden State Warriors,26,1349383,4.7,0.2,0.3,0.4,3.4,0.563,0.7,0.3941,0.356,1.6,0.5696,0.582272727,2.2,1.281,0.487,3.8,1.8506,13.9,72,11.2,1.2,0.9,2.1,0.1,13.9,-2.5,-0.1
Ben McLemore,77,201,Sacramento Kings,25,5460000,3.9,0.2,0.3,0.2,0.9,0.667,0.6,0.4002,0.415,2.2,0.913,0.347,1.2,0.4164,0.391,3.4,1.3294,8.3,19,10.5,0.1,0.1,0.2,0.055,19.4,-3.7,-0.1
Jodie Meeks,76,210,Milwaukee Bucks,31,3454500,6.4,0.1,0.1,1,1.5,1,0.1,0.1,0.444,2.3,1.0212,0.621153846,2.6,1.615,0.538,4.9,2.6362,13,8,16,0.2,0.1,0.3,0.153,17.1,-0.8,0
Salah Mejri,86,235,Dallas Mavericks,32,1567007,3.9,0.7,0.3,1,3.6,0.625,0.9,0.5625,0.324,0.9,0.2916,0.559318182,2.2,1.2305,0.491,3.1,1.5221,11.1,36,16.1,0.5,0.6,1.1,0.136,15.8,1.9,0.4
De'Anthony Melton,76,200,Phoenix Suns,20,949000,5,0.5,1.4,3.2,2.7,0.75,0.6,0.45,0.305,1.9,0.5795,0.4420625,3.2,1.4146,0.391,5.1,1.9941,19.7,50,9.9,-0.8,0.8,0,0.002,15,-2.6,-0.1
Chimezie Metu,82,225,San Antonio Spurs,21,838464,1.8,0.1,0.2,0.4,1.2,0.765,0.6,0.459,0,0.1,0,0.345263158,1.9,0.656,0.328,2,0.656,5,29,6.4,-0.5,0.2,-0.3,-0.099,24.4,-9.2,-0.3
Khris Middleton,80,222,Milwaukee Bucks,27,13000000,18.3,0.1,1,4.3,6,0.837,3.4,2.8458,0.378,6.2,2.3436,0.485896552,8.7,4.2273,0.441,14.9,6.5709,31.1,77,16.5,2.5,3.6,6.1,0.123,25.1,0.8,1.7
C.J. Miles,78,220,Memphis Grizzlies,31,8333333,6.4,0.3,0.5,0.7,1.8,0.828,1.1,0.9108,0.33,3.8,1.254,0.414285714,2.1,0.87,0.36,5.9,2.124,16.2,53,9,-0.2,0.9,0.7,0.041,18.6,-3.4,-0.3
Darius Miller,80,225,New Orleans Pelicans,28,2205000,8.2,0.3,0.6,2.1,1.9,0.789,1,0.789,0.365,5.3,1.9345,0.467941176,1.7,0.7955,0.39,7,2.73,25.5,69,8.4,1.1,0.6,1.6,0.045,13.4,-1.7,0.1
Malcolm Miller,79,210,Toronto Raptors,25,457418,3.5,0.1,0.1,0.1,0.5,0.75,0.4,0.3,0.476,2.1,0.9996,0.2004,0.5,0.1002,0.423,2.6,1.0998,6.7,10,13.7,0.1,0.1,0.2,0.13,18.5,-2,0
Patty Mills,72,180,San Antonio Spurs,30,11571429,9.9,0.1,0.6,3,2.2,0.854,1.3,1.1102,0.394,4.9,1.9306,0.47246875,3.2,1.5119,0.425,8.1,3.4425,23.3,82,13.2,2.2,1.2,3.5,0.087,18.5,-0.5,0.7
Paul Millsap,80,246,Denver Nuggets,33,29730769,12.6,0.8,1.2,2,7.2,0.727,3.6,2.6172,0.365,2.3,0.8395,0.522013889,7.2,3.7585,0.484,9.5,4.598,27.1,70,17.9,3.2,2.9,6.1,0.155,19.6,2.4,2.1
Nikola Mirotic,82,250,Milwaukee Bucks,27,12500000,15.2,0.7,0.7,1.2,7.4,0.847,2.7,2.2869,0.365,6.9,2.5185,0.543204082,4.9,2.6617,0.439,11.8,5.1802,27.1,46,17.2,2,1.4,3.5,0.133,21.4,0,0.6
Donovan Mitchell,75,215,Utah Jazz,22,3111480,23.8,0.4,1.4,4.2,4.1,0.806,5.1,4.1106,0.362,6.7,2.4254,0.467530303,13.2,6.1714,0.432,19.9,8.5968,33.7,77,17.2,1.3,3.7,5,0.092,31.6,0.6,1.7
Malik Monk,75,200,Charlotte Hornets,20,3447480,8.9,0.3,0.5,1.6,1.9,0.882,1.4,1.2348,0.33,4.5,1.485,0.460285714,3.5,1.611,0.387,8,3.096,17.2,73,11.8,-0.4,0.7,0.3,0.012,24.6,-3.9,-0.6
Greg Monroe,83,265,Brooklyn Nets,28,2165481,5.3,0.2,0.3,0.6,4,0.625,1.7,1.0625,0.2,0.1,0.02,0.493674419,4.3,2.1228,0.487,4.4,2.1428,11.2,43,16,0.4,0.7,1.1,0.108,22.6,-3.6,-0.2
E'Twaun Moore,76,191,New Orleans Pelicans,29,8808685,11.9,0.2,0.8,1.9,2.4,0.763,1.1,0.8393,0.432,3.3,1.4256,0.505134328,6.7,3.3844,0.481,10,4.81,27.6,53,11.5,1.2,0.5,1.7,0.055,17.3,-2.2,-0.1
Eric Moreland,82,238,Phoenix Suns,27,239035,1.4,0.2,0.2,0.8,4,,0,0,1,0.2,0.2,0.333833333,1.2,0.4006,0.429,1.4,0.6006,8.6,5,6.7,-0.1,0.1,0,0.032,12,-4.8,0
Marcus Morris,81,235,Boston Celtics,29,5375000,13.9,0.3,0.6,1.5,6.1,0.844,2.3,1.9412,0.375,5.2,1.95,0.508377049,6.1,3.1011,0.447,11.3,5.0511,27.9,75,14.2,2.1,2.5,4.5,0.104,20.9,-1.4,0.3
Markieff Morris,82,245,New Orleans Pelicans,29,8600000,9.4,0.4,0.6,1.4,4.6,0.772,1.6,1.2352,0.335,3.5,1.1725,0.483708333,4.8,2.3218,0.421,8.3,3.4943,21.9,58,11.7,0.6,1.1,1.6,0.061,19.1,-2.8,-0.3
Monte Morris,75,175,Denver Nuggets,23,1349383,10.4,0,0.9,3.6,2.4,0.802,1,0.802,0.414,2.8,1.1592,0.531137931,5.8,3.0806,0.493,8.6,4.2398,24,82,16.2,4.4,1.8,6.2,0.151,17.1,0.2,1.1
Donatas Motiejunas,84,222,San Antonio Spurs,28,59820,2,0.3,0,0.3,1,0,0.7,0,,0,0,0.5,2,1,0.5,2,1,4.3,3,-0.5,-0.1,0,-0.1,-0.246,33.5,-11.5,0
Emmanuel Mudiay,77,200,New York Knicks,22,4294480,14.8,0.3,0.7,3.9,3.3,0.774,3.2,2.4768,0.329,3.6,1.1844,0.493325843,8.9,4.3906,0.446,12.5,5.575,27.2,59,14.6,0.1,0.7,0.8,0.023,25.6,-2.4,-0.2
Jamal Murray,76,207,Denver Nuggets,21,3499800,18.2,0.4,0.9,4.8,4.2,0.848,3,2.544,0.367,5.5,2.0185,0.475118812,10.1,4.7987,0.437,15.6,6.8172,32.6,75,16,2.8,2.3,5.1,0.1,24.9,0.1,1.3
Dzanan Musa,81,208,Brooklyn Nets,19,1632240,2.1,0,0.2,0.2,0.6,0,0.2,0,0.1,1.1,0.11,0.670461538,1.3,0.8716,0.409,2.4,0.9816,4.3,9,5.8,-0.2,0,-0.1,-0.152,29,-10.4,-0.1
Mike Muscala,83,240,Los Angeles Lakers,27,5000000,7,0.6,0.3,1.2,3.8,0.824,1.3,1.0712,0.348,4,1.392,0.537,1.6,0.8592,0.402,5.6,2.2512,20.4,64,10.8,1.2,1.2,2.5,0.091,14.3,-0.7,0.4
Sviatoslav Mykhailiuk,80,205,Detroit Pistons,21,1487694,3.2,0,0.3,0.9,0.9,0.6,0.5,0.3,0.326,2.1,0.6846,0.33425,1.2,0.4011,0.329,3.3,1.0857,10.5,42,6,-0.4,0.3,-0.1,-0.012,16,-5.7,-0.4
Abdel Nader,78,225,Oklahoma City Thunder,25,1378242,4,0.2,0.3,0.3,1.9,0.75,0.6,0.45,0.32,1.6,0.512,0.509736842,1.9,0.9685,0.423,3.5,1.4805,11.4,61,8.8,0,0.9,0.9,0.062,15.1,-5.1,-0.5
Larry Nance Jr.,81,230,Cleveland Cavaliers,26,2272391,9.4,0.6,1.5,3.2,8.2,0.716,2,1.432,0.337,1.5,0.5055,0.569017857,5.6,3.1865,0.52,7.1,3.692,26.8,67,18.6,3.3,1.6,4.9,0.131,15.5,4,2.7
Shabazz Napier,73,180,Brooklyn Nets,27,1942422,9.4,0.3,0.7,2.6,1.8,0.833,2.5,2.0825,0.333,4.1,1.3653,0.451054054,3.7,1.6689,0.389,7.8,3.0342,17.6,56,15.3,1,1,2,0.098,24,-0.7,0.3
Raul Neto,73,179,Utah Jazz,26,2150000,5.3,0.1,0.4,2.5,1.7,0.848,0.9,0.7632,0.333,1.6,0.5328,0.532571429,2.8,1.4912,0.46,4.4,2.024,12.8,37,13.5,0.5,0.6,1.1,0.116,19,-1.6,0
Georges Niang,80,230,Utah Jazz,25,1512601,4,0.1,0.2,0.6,1.5,0.833,0.4,0.3332,0.41,1.8,0.738,0.565,1.3,0.7345,0.475,3.1,1.4725,8.7,59,13,0.7,0.7,1.3,0.123,17.8,-1.1,0.1
Joakim Noah,83,230,New York Knicks,33,18530000,7.1,0.7,0.5,2.1,5.7,0.716,2.6,1.8616,0,0,0,0.516,5.1,2.6316,0.516,5.1,2.6316,16.5,42,18.6,1,1.2,2.2,0.15,20,1.6,0.6
Nerlens Noel,83,220,Oklahoma City Thunder,24,1757429,4.9,1.2,0.9,0.6,4.2,0.684,1,0.684,,0,0,0.587,3.6,2.1132,0.587,3.6,2.1132,13.7,77,19.3,1.9,2.5,4.3,0.198,13.8,3.9,1.6
Dirk Nowitzki,84,245,Dallas Mavericks,40,5000000,7.3,0.4,0.2,0.7,3.1,0.78,1,0.78,0.312,4,1.248,0.414294118,3.4,1.4086,0.359,7.4,2.6566,15.6,51,9.6,-0.5,0.8,0.3,0.016,22.5,-5.9,-0.8
Frank Ntilikina,78,200,New York Knicks,20,4155720,5.7,0.3,0.7,2.8,2,0.767,0.7,0.5369,0.287,2.7,0.7749,0.371615385,3.9,1.4493,0.337,6.6,2.2242,21,43,6,-1.3,0.4,-0.8,-0.045,16.6,-5.7,-0.8
James Nunnally,79,208,Minnesota Timberwolves,28,655632,2.4,0,0.1,0.5,0.3,1,0.3,0.3,0.32,1.7,0.544,0.4465,0.6,0.2679,0.353,2.3,0.8119,6.8,15,7.3,0.1,0,0.1,0.035,15.3,-6.4,-0.1
Jusuf Nurkic,84,275,Portland Trail Blazers,24,11111111,15.6,1.4,1,3.2,10.4,0.773,5.1,3.9423,0.103,0.4,0.0412,0.522594595,11.1,5.8008,0.508,11.5,5.842,27.4,72,23.4,4.4,3.3,7.8,0.189,24.7,5.1,3.5
David Nwaba,76,219,Cleveland Cavaliers,26,1512601,6.5,0.3,0.7,1.1,3.2,0.682,1.7,1.1594,0.32,1.5,0.48,0.548083333,3.6,1.9731,0.481,5.1,2.4531,19.3,51,12.5,1.1,0.3,1.4,0.069,14.6,-1.7,0.1
Royce O'Neale,78,226,Utah Jazz,25,1378242,5.2,0.3,0.7,1.5,3.5,0.762,0.5,0.381,0.386,2.1,0.8106,0.564,2.1,1.1844,0.475,4.2,1.995,20.4,82,9,0.7,2.5,3.3,0.094,11,0.1,0.9
Kyle O'Quinn,82,250,Indiana Pacers,28,4449000,3.5,0.6,0.2,1.2,2.6,0.81,0.5,0.405,0.083,0.3,0.0249,0.554111111,2.7,1.4961,0.507,3,1.521,8.2,45,16.8,0.2,0.8,1,0.125,20.8,1.8,0.4
Semi Ojeleye,79,241,Boston Celtics,24,1378242,3.3,0.1,0.2,0.4,1.5,0.615,0.7,0.4305,0.315,1.6,0.504,0.569333333,1.2,0.6832,0.424,2.8,1.1872,10.6,56,8.5,0.2,0.5,0.7,0.057,14.1,-4.3,-0.3
Jahlil Okafor,83,275,New Orleans Pelicans,23,1567007,8.2,0.7,0.3,0.7,4.7,0.663,1.5,0.9945,0.2,0.1,0.02,0.592433333,6,3.5546,0.586,6.1,3.5746,15.8,59,17.9,1.4,0.8,2.2,0.115,19.9,-2.3,-0.1
Elie Okobo,75,190,Phoenix Suns,21,1238464,5.7,0.1,0.6,2.4,1.8,0.787,0.9,0.7083,0.295,2.5,0.7375,0.474666667,3,1.424,0.393,5.5,2.1615,18.1,53,7.6,-0.7,0.2,-0.5,-0.027,17,-5.9,-0.9
Josh Okogie,76,212,Minnesota Timberwolves,20,2160720,7.7,0.4,1.2,1.2,2.9,0.728,2.2,1.6016,0.279,2.9,0.8091,0.463575,4,1.8543,0.386,6.9,2.6634,23.7,74,9.4,-0.1,1.4,1.2,0.034,15.4,-1.7,0.1
Victor Oladipo,76,210,Indiana Pacers,26,21000000,18.8,0.3,1.7,5.2,5.6,0.73,3.9,2.847,0.343,6,2.058,0.469601942,10.3,4.8369,0.423,16.3,6.8949,31.9,36,17.6,0.4,1.9,2.3,0.097,27.9,2.3,1.3
Kelly Olynyk,84,240,Miami Heat,27,12137527,10,0.5,0.7,1.8,4.7,0.822,2.3,1.8906,0.354,4,1.416,0.603645161,3.1,1.8713,0.463,7.1,3.2873,22.9,79,14.4,2.3,2.5,4.7,0.126,18,1.1,1.4
Cedi Osman,80,215,Cleveland Cavaliers,23,2775000,13,0.1,0.8,2.6,4.7,0.779,2.4,1.8696,0.348,4.9,1.7052,0.489435484,6.2,3.0345,0.427,11.1,4.7397,32.2,76,11.5,1.2,0.2,1.5,0.029,18.6,-2.1,-0.1
Kelly Oubre Jr.,79,205,Phoenix Suns,23,3208630,15.2,0.9,1.2,1.2,4.7,0.775,3.5,2.7125,0.32,4.9,1.568,0.52890411,7.3,3.861,0.445,12.2,5.429,28,69,15.2,0.9,1.3,2.2,0.054,23.2,-2.2,-0.1
Zaza Pachulia,83,270,Detroit Pistons,34,2393887,3.9,0.3,0.5,1.3,3.9,0.782,1.8,1.4076,0,0.1,0,0.456296296,2.7,1.232,0.44,2.8,1.232,12.9,68,13.7,1.1,1.3,2.3,0.128,15,0.2,0.5
Jabari Parker,80,245,Washington Wizards,23,20000000,14.5,0.5,0.7,2.4,6.6,0.712,2.9,2.0648,0.313,3,0.939,0.555068966,8.7,4.8291,0.493,11.7,5.7681,26.9,64,15.5,0.1,1.3,1.4,0.039,24.6,-2.1,0
Tony Parker,74,185,Charlotte Hornets,36,5000000,9.5,0.1,0.4,3.7,1.5,0.734,2.2,1.6148,0.255,0.9,0.2295,0.484932432,7.4,3.5885,0.46,8.3,3.818,17.9,56,15.3,0.6,0.3,0.9,0.044,25.5,-5.3,-0.8
Chandler Parsons,82,230,Memphis Grizzlies,30,24107258,7.5,0.2,0.8,1.7,2.8,0.88,1,0.88,0.309,3.8,1.1742,0.444571429,3.5,1.556,0.374,7.3,2.7302,19.8,25,8.5,-0.6,0.6,0,-0.004,20.3,-4.3,-0.3
Patrick Patterson,81,230,Oklahoma City Thunder,29,5451600,3.6,0.2,0.3,0.5,2.3,0.633,0.5,0.3165,0.336,2.2,0.7392,0.438307692,1.3,0.5698,0.374,3.5,1.309,13.7,63,8.1,0.2,0.9,1.1,0.064,12,-3.7,-0.4
Justin Patton,84,241,Philadelphia 76ers,21,2667600,1.7,0,0.7,1,2,0.5,0.7,0.35,0,0.7,0,0.411125,1.6,0.6578,0.286,2.3,0.6578,7,3,10.5,0,0,0,0.079,15.7,-0.2,0
Chris Paul,72,175,Houston Rockets,33,35654150,15.6,0.3,2,8.2,4.6,0.862,3.5,3.017,0.358,6.1,2.1838,0.478063492,6.3,3.0118,0.419,12.4,5.1956,32,58,19.7,4.4,2.2,6.6,0.172,22.5,3,2.4
Cameron Payne,75,190,Chicago Bulls,24,3263295,6.3,0.2,0.7,2.7,1.8,0.805,1,0.805,0.298,2.1,0.6258,0.5092,3.5,1.7822,0.43,5.6,2.408,17.8,40,11.5,0.1,0.3,0.5,0.031,17.6,-3.5,-0.3
Elfrid Payton,76,185,New Orleans Pelicans,24,3000000,10.6,0.4,1,7.6,5.2,0.743,1.8,1.3374,0.314,2.5,0.785,0.47509589,7.3,3.4682,0.434,9.8,4.2532,29.8,42,14,0.6,0.9,1.5,0.058,18.3,-0.9,0.4
Gary Payton II,75,190,Washington Wizards,26,85458,3.7,0.3,1,1.3,0.7,,0,0,0.5,0.7,0.35,0.66875,2,1.3375,0.625,2.7,1.6875,5.3,3,36.9,0.1,0,0.1,0.358,23.8,14.9,0.1
Mason Plumlee,83,235,Denver Nuggets,28,12917808,7.8,0.9,0.8,3,6.4,0.561,2.4,1.3464,0.2,0.1,0.02,0.600415094,5.3,3.1822,0.593,5.4,3.2022,21.1,82,17.8,2.9,2.9,5.8,0.16,16.2,3.8,2.6
Miles Plumlee,83,249,Atlanta Hawks,30,12500000,4.4,0.2,0.3,0.9,2.2,0.533,1.7,0.9061,,0,0,0.667,2.7,1.8009,0.667,2.7,1.8009,9.6,18,18.9,0.4,0.1,0.5,0.145,16.7,-0.1,0.1
Jakob Poeltl,84,230,San Antonio Spurs,23,2947320,5.5,0.9,0.4,1.2,5.3,0.533,1.2,0.6396,,0,0,0.645,3.8,2.451,0.645,3.8,2.451,16.5,77,19.4,3.5,1.6,5.1,0.193,13.1,4.2,2
Quincy Pondexter,79,230,San Antonio Spurs,30,2165481,1.8,0,0.2,0.5,0.9,0.81,0.8,0.648,0.333,0.3,0.0999,0.562625,0.8,0.4501,0.5,1.1,0.55,5.5,53,13.2,0.5,0.3,0.8,0.128,13.5,-1.4,0
Otto Porter,80,198,Chicago Bulls,25,26011913,13.9,0.6,1.5,2.1,5.6,0.813,1.7,1.3821,0.406,4.6,1.8676,0.504333333,6.9,3.4799,0.465,11.5,5.3475,30.1,56,15.9,1.8,1.5,3.2,0.093,19.1,0.5,1
Bobby Portis,83,250,Washington Wizards,23,2494346,14.2,0.4,0.7,1.4,8.1,0.794,1.9,1.5086,0.393,3.8,1.4934,0.466022727,8.8,4.101,0.444,12.6,5.5944,26,50,16.1,0.5,1.1,1.6,0.06,24.6,-2.9,-0.3
Dwight Powell,83,240,Dallas Mavericks,27,9631250,10.6,0.6,0.6,1.5,5.3,0.772,3.3,2.5476,0.307,1.6,0.4912,0.695723404,4.7,3.2699,0.597,6.3,3.7611,21.6,77,20.4,5.6,1.9,7.5,0.215,17.2,4,2.5
Norman Powell,76,215,Toronto Raptors,25,9367200,8.6,0.2,0.7,1.5,2.3,0.827,1.3,1.0751,0.4,2.8,1.12,0.542589744,3.9,2.1161,0.483,6.7,3.2361,18.8,60,13.3,1,1.4,2.4,0.102,19,-0.7,0.4
Zhou Qi,85,210,Houston Rockets,23,506134,2,0,0,0,0,,0,0,,0,0,1,1,1,1,1,1,1,1,80.4,0,0,0,1.261,43.4,9.5,0
Ivan Rabb,82,220,Memphis Grizzlies,21,1378242,5.8,0.3,0.3,1.1,4.2,0.71,1.4,0.994,0.2,0.3,0.06,0.573025,4,2.2921,0.547,4.3,2.3521,14.7,49,16.1,1.2,0.9,2.1,0.137,17.2,-0.6,0.2
Chasson Randle,74,185,Washington Wizards,25,869094,5.5,0.1,0.5,2,1.1,0.694,1.3,0.9022,0.4,2.3,0.92,0.439809524,2.1,0.9236,0.419,4.4,1.8436,15.2,49,9.9,0.4,0.2,0.6,0.041,16.4,-4.4,-0.4
Julius Randle,81,250,New Orleans Pelicans,24,8641000,21.4,0.6,0.7,3.1,8.7,0.731,6.7,4.8977,0.344,2.7,0.9288,0.563836066,12.2,6.8788,0.524,14.9,7.8076,30.6,73,21,4.2,1.9,6.1,0.131,27.8,1.4,1.9
J.J. Redick,76,200,Philadelphia 76ers,34,12250000,18.1,0.2,0.4,2.7,2.4,0.894,3.4,3.0396,0.397,8,3.176,0.502545455,5.5,2.764,0.44,13.5,5.94,31.3,76,15.1,4.6,1.2,5.9,0.118,21.9,-0.7,0.8
Davon Reed,77,208,Phoenix Suns,23,1378242,1.2,0,0.1,0.3,0.6,,0,0,0.5,0.4,0.2,0.3755,0.8,0.3004,0.417,1.2,0.5004,4.7,10,8.1,0,0,0.1,0.064,12.1,-4.2,0
Cameron Reynolds,80,225,Minnesota Timberwolves,23,108953,5,0.1,0.3,0.7,1.6,0.889,0.5,0.4445,0.412,2.7,1.1124,0.444214286,1.4,0.6219,0.423,4.1,1.7343,13.6,19,10.4,0.3,0.1,0.4,0.078,14.1,-2.3,0
Josh Richardson,78,200,Miami Heat,25,9367200,16.6,0.5,1.1,4.1,3.6,0.861,3.2,2.7552,0.357,6.3,2.2491,0.456423077,7.8,3.5601,0.412,14.1,5.8092,34.8,73,14,3,2.6,5.6,0.106,20.9,0.6,1.7
Malachi Richardson,78,205,Philadelphia 76ers,23,1569360,1.4,0,0,0,0.6,0.8,0.2,0.16,0.32,1.1,0.352,0.255,0.2,0.051,0.31,1.3,0.403,4.7,22,0.9,-0.2,0.1,-0.1,-0.06,16.4,-10.8,-0.2
Austin Rivers,76,200,Phoenix Suns,26,12000000,8.1,0.3,0.6,2.2,2.1,0.526,1.3,0.6838,0.318,4.3,1.3674,0.52425,3.2,1.6776,0.406,7.5,3.045,26.7,76,7.7,0.4,0.8,1.2,0.028,14.5,-3.5,-0.7
Glenn Robinson III,78,222,Detroit Pistons,25,4075000,4.2,0.2,0.3,0.4,1.5,0.8,0.9,0.72,0.29,1.3,0.377,0.490416667,2.4,1.177,0.42,3.7,1.554,13,47,8.7,0.1,0.6,0.7,0.054,15,-4.2,-0.3
Jerome Robinson,77,190,Los Angeles Clippers,21,3046200,3.4,0.1,0.3,0.6,1.2,0.667,0.3,0.2001,0.316,1.7,0.5372,0.48925,1.6,0.7828,0.4,3.3,1.32,9.7,33,7.2,-0.2,0.3,0.1,0.012,16.7,-4.3,-0.2
Mitchell Robinson,85,240,New York Knicks,20,1485440,7.3,2.4,0.8,0.6,6.4,0.6,2,1.2,,0,0,0.694,4.4,3.0536,0.694,4.4,3.0536,20.6,66,22,4,2.2,6.1,0.217,12.1,5.7,2.7
Rajon Rondo,73,186,Los Angeles Lakers,32,9000000,9.2,0.2,1.2,8,5.3,0.639,0.8,0.5112,0.359,3.1,1.1129,0.427634921,6.3,2.6941,0.405,9.4,3.807,29.8,46,12.1,-0.2,1.5,1.3,0.047,17.4,-1.6,0.1
Derrick Rose,75,200,Minnesota Timberwolves,30,2176260,18,0.2,0.6,4.3,2.7,0.856,3.1,2.6536,0.37,2.9,1.073,0.509294118,11.9,6.0606,0.482,14.8,7.1336,27.3,51,19.5,2.6,0.3,3,0.102,27.3,-0.6,0.5
Terrence Ross,79,206,Orlando Magic,27,10500000,15.1,0.4,0.9,1.7,3.5,0.875,1.8,1.575,0.383,7,2.681,0.483263158,5.7,2.7546,0.428,12.7,5.4356,26.5,81,15.4,1.7,2.6,4.3,0.095,23.9,-0.3,0.9
Terry Rozier,73,190,Boston Celtics,24,3050390,9,0.3,0.9,2.9,3.9,0.785,1.2,0.942,0.353,4.3,1.5179,0.422658537,4.1,1.7329,0.387,8.4,3.2508,22.7,79,12.9,0.9,2.3,3.2,0.086,18.6,-0.7,0.6
Ricky Rubio,76,190,Utah Jazz,28,14975000,12.7,0.1,1.3,6.1,3.6,0.855,3.4,2.907,0.311,3.7,1.1507,0.453157143,7,3.1721,0.404,10.7,4.3228,27.9,68,14,0.9,2.8,3.7,0.095,22.7,0,0.9
D'Angelo Russell,77,198,Brooklyn Nets,22,7019698,21.1,0.2,1.2,7,3.9,0.78,2.5,1.95,0.369,7.8,2.8782,0.480513761,10.9,5.2376,0.434,18.7,8.1158,30.2,81,19.4,2.4,2.6,5,0.097,31.9,3.4,3.3
Domantas Sabonis,83,240,Indiana Pacers,22,2659800,14.1,0.4,0.6,2.9,9.3,0.715,3.9,2.7885,0.529,0.2,0.1058,0.591311828,9.3,5.4992,0.59,9.5,5.605,24.8,74,21.9,4.3,3.3,7.6,0.197,23.5,3.7,2.6
JaKarr Sampson,81,214,Chicago Bulls,25,88531,20,0.8,1,1,8,0.81,5.3,4.293,0.357,3.5,1.2495,0.6,10,6,0.537,13.5,7.2495,31.8,4,22.5,0.3,0.1,0.5,0.173,23.1,-1.5,0
Dario Saric,82,223,Minnesota Timberwolves,24,2526840,10.6,0.1,0.6,1.6,5.6,0.88,1.9,1.672,0.365,4,1.46,0.499608696,4.6,2.2982,0.437,8.6,3.7582,25,81,13.1,2.3,1.2,3.5,0.084,17.8,-1.1,0.5
Tomas Satoransky,79,210,Washington Wizards,27,3129187,8.9,0.2,1,5,3.5,0.819,2,1.638,0.395,2,0.79,0.524130435,4.6,2.411,0.485,6.6,3.201,27.1,80,14.1,3.8,0.9,4.7,0.104,14.1,-0.6,0.8
Dennis Schroder,73,172,Oklahoma City Thunder,25,15500000,15.5,0.2,0.8,4.1,3.6,0.819,2.9,2.3751,0.341,4.6,1.5686,0.449723404,9.4,4.2274,0.414,14,5.796,29.3,79,12.7,0.4,2.4,2.9,0.06,24.2,-3.1,-0.6
Mike Scott,80,237,Philadelphia 76ers,30,4320500,5.8,0.2,0.3,0.8,3.5,0.667,0.4,0.2668,0.401,3.2,1.2832,0.39847619,2.1,0.8368,0.4,5.3,2.12,17.7,79,8.6,0.4,1.2,1.6,0.053,14.4,-2.7,-0.2
Thabo Sefolosha,79,220,Utah Jazz,34,5250000,3.8,0.1,0.9,0.5,2.5,0.636,0.4,0.2544,0.436,1.6,0.6976,0.523857143,1.4,0.7334,0.477,3,1.431,12.2,50,12.1,0.2,1.2,1.5,0.115,12.9,0.6,0.4
Wayne Selden,77,230,Chicago Bulls,24,1544951,6.9,0.2,0.4,1.5,2.4,0.728,1.2,0.8736,0.316,2.3,0.7268,0.456487805,4.1,1.8716,0.406,6.4,2.5984,19.2,75,8.3,-1,0.8,-0.3,-0.009,18.4,-5.1,-1.1
Collin Sexton,74,190,Cleveland Cavaliers,20,4068600,16.7,0.1,0.5,3,2.9,0.839,3.1,2.6009,0.402,3.6,1.4472,0.439081081,11.1,4.8738,0.43,14.7,6.321,31.8,82,12,-0.1,-0.5,-0.6,-0.011,25.2,-5.2,-2.1
Landry Shamet,77,188,Los Angeles Clippers,21,1703640,9.1,0.1,0.5,1.5,1.7,0.806,1.2,0.9672,0.422,5,2.11,0.452428571,2.1,0.9501,0.431,7.1,3.0601,22.8,79,11,2.7,0.9,3.6,0.095,15,-1,0.5
Iman Shumpert,77,215,Houston Rockets,28,11011234,7.5,0.4,1,1.8,3,0.8,0.7,0.56,0.348,4.4,1.5312,0.414857143,2.8,1.1616,0.374,7.2,2.6928,23.9,62,9.1,0.1,1.2,1.4,0.045,14.5,-1.4,0.2
Pascal Siakam,81,230,Toronto Raptors,24,1544951,16.9,0.7,0.9,3.1,6.9,0.785,3.8,2.983,0.369,2.7,0.9963,0.602406593,9.1,5.4819,0.549,11.8,6.4782,31.9,80,18.7,5.7,3.6,9.3,0.175,20.8,3.4,3.5
Jordan Sibert,76,187,Atlanta Hawks,26,47371,3,0,0,0,0,,0,0,1,1,1,0,0,0,1,1,1,4,1,29.7,0,0,0,0.183,10.2,6.3,0
Ben Simmons,82,230,Philadelphia 76ers,22,6434520,16.9,0.8,1.4,7.7,8.8,0.6,5.4,3.24,0,0.1,0,0.567652893,12.1,6.8686,0.563,12.2,6.8686,34.2,79,20,4.6,3.6,8.2,0.146,22.1,4.1,4.1
Jonathon Simmons,78,195,Philadelphia 76ers,29,6000000,6.5,0.3,0.5,2.3,2.3,0.742,1.7,1.2614,0.269,1.9,0.5111,0.427931818,4.4,1.8829,0.38,6.3,2.394,19,56,8.5,-0.8,1.1,0.3,0.013,18.7,-4.8,-0.7
Kobi Simmons,77,166,Cleveland Cavaliers,21,76236,0,0,0,0,0,,0,0,,0,0,0,0,0,,0,0,2,1,0,0,0,0,-0.033,0,-7.3,0
Anfernee Simons,76,185,Portland Trail Blazers,19,1835520,3.8,0,0.1,0.7,0.7,0.563,0.8,0.4504,0.345,1.5,0.5175,0.531352941,1.7,0.9033,0.444,3.2,1.4208,7.1,20,11.1,0,0,0.1,0.02,24.3,-6.3,-0.2
Marcus Smart,76,220,Boston Celtics,24,11660716,8.9,0.4,1.8,4,2.9,0.806,1.6,1.2896,0.364,4.3,1.5652,0.511071429,2.8,1.431,0.422,7.1,2.9962,27.5,80,13.1,2.2,3.1,5.3,0.116,14.6,1.8,2.1
Dennis Smith Jr.,75,195,New York Knicks,21,3819960,13.6,0.4,1.3,4.8,2.9,0.635,2.9,1.8415,0.322,3.9,1.2558,0.477214286,8.4,4.0086,0.428,12.3,5.2644,28.5,53,12.3,-1.2,1.2,0,0.001,24.8,-2.5,-0.2
Ish Smith,72,175,Detroit Pistons,30,6000000,8.9,0.2,0.5,3.6,2.6,0.758,1.1,0.8338,0.326,2.4,0.7824,0.454428571,6.3,2.8629,0.419,8.7,3.6453,22.3,56,11.8,0.5,1.1,1.7,0.064,19.9,-2.8,-0.3
J.R. Smith,78,225,Cleveland Cavaliers,33,14720000,6.7,0.3,1,1.9,1.6,0.8,0.9,0.72,0.308,3.5,1.078,0.374162162,3.7,1.3844,0.342,7.2,2.4624,20.2,11,7.8,-0.3,0.1,-0.2,-0.038,18.6,-5.2,-0.2
Jason Smith,84,240,New Orleans Pelicans,32,5450000,3.3,0.4,0.2,0.7,2.6,0.875,0.8,0.7,0.346,1.3,0.4498,0.363647059,1.7,0.6182,0.356,3,1.068,9.5,20,9.8,0,0.2,0.2,0.038,17.5,-4.3,-0.1
Zhaire Smith,76,199,Philadelphia 76ers,19,2611800,6.7,0.3,0.3,1.7,2.2,0.75,1.3,0.975,0.375,2.7,1.0125,0.4453,3,1.3359,0.412,5.7,2.3484,18.5,6,9.5,0,0.1,0.1,0.048,16.4,-4,-0.1
Tony Snell,79,213,Milwaukee Bucks,27,10607143,6,0.2,0.4,0.9,2.1,0.881,0.6,0.5286,0.397,2.8,1.1116,0.525333333,2.1,1.1032,0.452,4.9,2.2148,17.6,74,10.7,1.6,1.6,3.2,0.117,12.9,-1,0.3
Ray Spalding,82,215,Dallas Mavericks,21,838464,3.9,0.6,0.6,0.4,3.4,0.333,0.9,0.2997,0,0.2,0,0.56525,3.2,1.8088,0.532,3.4,1.8088,10.6,14,14.6,0,0.2,0.2,0.051,17.8,-3.4,-0.1
Omari Spellman,81,245,Atlanta Hawks,21,1620480,5.9,0.5,0.6,1,4.2,0.711,1,0.711,0.344,2.8,0.9632,0.46696,2.5,1.1674,0.402,5.3,2.1306,17.5,46,12.4,0.6,0.5,1.2,0.07,14.9,-1,0.2
Nik Stauskas,78,205,Indiana Pacers,25,1621415,5.9,0.1,0.3,1.2,1.9,0.891,0.9,0.8019,0.372,2.8,1.0416,0.440181818,2.2,0.9684,0.402,5,2.01,14.9,68,10.9,0.6,0.5,1.1,0.052,17.6,-3.2,-0.3
Lance Stephenson,78,230,Los Angeles Lakers,28,4449000,7.2,0.1,0.6,2.1,3.2,0.685,1.1,0.7535,0.371,2.9,1.0759,0.471571429,3.5,1.6505,0.426,6.4,2.7264,16.5,68,11.8,-0.1,1.2,1.1,0.049,20.3,-2.1,0
Edmond Sumner,78,176,Indiana Pacers,23,449794,2.9,0.2,0.5,0.4,1,0.625,1,0.625,0.259,1.2,0.3108,0.40775,1.6,0.6524,0.344,2.8,0.9632,9.1,23,7.6,-0.2,0.3,0.1,0.02,17.6,-3.6,-0.1
Caleb Swanigan,81,250,Sacramento Kings,21,1740000,2,0,0.3,0.5,3,0.667,0.4,0.2668,0.143,0.3,0.0429,0.366863636,2.2,0.8071,0.34,2.5,0.85,8.5,21,4.7,-0.5,0.2,-0.2,-0.06,17.7,-7.8,-0.3
Jayson Tatum,80,208,Boston Celtics,20,6700800,15.7,0.7,1.1,2.1,6,0.855,2.9,2.4795,0.373,3.9,1.4547,0.482641304,9.2,4.4403,0.45,13.1,5.895,31.1,79,15.1,1.6,3.4,5,0.097,22.1,-0.8,0.8
Jeff Teague,74,195,Minnesota Timberwolves,30,19000000,12.1,0.4,1,8.2,2.5,0.804,3.6,2.8944,0.333,2.5,0.8325,0.453405405,7.4,3.3552,0.423,9.9,4.1877,30.1,42,15.4,1.7,0.5,2.2,0.085,19.3,-2.4,-0.1
Garrett Temple,78,195,Los Angeles Clippers,32,8000000,7.8,0.4,1,1.4,2.9,0.748,1.4,1.0472,0.341,3.5,1.1935,0.513451613,3.1,1.5917,0.422,6.6,2.7852,27.2,75,8.5,0.3,2,2.2,0.052,13.2,-1.2,0.4
Milos Teodosic,77,196,Los Angeles Clippers,31,6300000,3.2,0.1,0.2,2.1,1.1,0.571,0.5,0.2855,0.37,1.8,0.666,0.535,0.9,0.4815,0.425,2.7,1.1475,10,15,6.5,-0.1,0.1,-0.1,-0.019,18,-6.1,-0.2
Emanuel Terry,81,220,Phoenix Suns,22,47371,3.3,0,1,0.7,2.3,0.5,1.3,0.65,,0,0,0.571,2.3,1.3133,0.571,2.3,1.3133,7.7,3,19.7,0,0,0.1,0.117,20.1,1.6,0
Daniel Theis,80,243,Boston Celtics,26,1378242,5.7,0.6,0.3,1,3.4,0.737,1.2,0.8844,0.388,1,0.388,0.602666667,3,1.808,0.549,4,2.196,13.8,66,17,2.3,1.3,3.5,0.188,15.8,2.3,1
Isaiah Thomas,69,185,Denver Nuggets,29,2029463,8.1,0.1,0.4,1.9,1.1,0.63,2.3,1.449,0.279,3.6,1.0044,0.392021277,4.7,1.8425,0.343,8.3,2.8469,15.1,12,7,-0.4,0.1,-0.3,-0.077,30.4,-8.7,-0.3
Khyri Thomas,75,210,Detroit Pistons,22,838464,2.3,0.2,0.3,0.3,0.8,0.636,0.4,0.2544,0.286,1.3,0.3718,0.349642857,1.4,0.4895,0.319,2.7,0.8613,7.5,26,6.2,-0.2,0.2,0,0.005,17.2,-5.2,-0.2
Lance Thomas,80,240,New York Knicks,30,7119650,4.5,0.2,0.4,0.6,2.5,0.75,0.8,0.6,0.278,1.7,0.4726,0.473153846,2.6,1.2302,0.396,4.3,1.7028,17,46,6.4,-0.3,0.3,0.1,0.004,12.9,-5.3,-0.7
Klay Thompson,79,215,Golden State Warriors,28,18988725,21.5,0.6,1.1,2.4,3.8,0.816,2,1.632,0.402,7.7,3.0954,0.515592233,10.3,5.3106,0.467,18,8.406,34,78,16.6,2.9,2.3,5.3,0.095,25.6,-0.8,0.8
Tristan Thompson,82,238,Cleveland Cavaliers,27,17469565,10.9,0.4,0.7,2,10.2,0.642,2.5,1.605,,0,0,0.529,8.8,4.6552,0.529,8.8,4.6552,27.9,43,18.4,2.1,0.5,2.6,0.105,17.7,0.3,0.7
Sindarius Thornwell,77,215,Los Angeles Clippers,24,1378242,1,0.1,0.2,0.3,0.7,0.735,0.5,0.3675,0.2,0.2,0.04,0.396,0.6,0.2376,0.347,0.8,0.2776,4.9,64,5.2,-0.3,0.3,0,0.004,11.3,-4,-0.2
Anthony Tolliver,80,250,Minnesota Timberwolves,33,5750000,5,0.3,0.3,0.7,2.7,0.783,0.9,0.7047,0.377,3.3,1.2441,0.405571429,0.7,0.2839,0.382,4,1.528,16.6,65,8.6,0.6,0.5,1.2,0.052,12.5,-2.2,-0.1
Karl-Anthony Towns,84,248,Minnesota Timberwolves,23,7839435,24.4,1.6,0.9,3.4,12.4,0.836,5.8,4.8488,0.4,4.6,1.84,0.561424,12.5,7.0178,0.518,17.1,8.8578,33.1,77,26.3,7.2,3.2,10.4,0.197,28.9,6.8,5.7
Gary Trent Jr.,78,205,Portland Trail Blazers,20,838464,2.7,0.1,0.1,0.3,0.7,0.429,0.5,0.2145,0.238,1.4,0.3332,0.380421053,1.9,0.7228,0.32,3.3,1.056,7.4,15,3.6,-0.3,0.1,-0.2,-0.092,21.7,-10.3,-0.2
Allonzo Trier,77,200,New York Knicks,23,3382000,10.9,0.2,0.4,1.9,3.1,0.803,3.5,2.8105,0.394,2.1,0.8274,0.4669,6,2.8014,0.448,8.1,3.6288,22.8,64,12.2,0.4,0.5,0.9,0.03,21.5,-4.2,-0.8
P.J. Tucker,78,245,Houston Rockets,33,7969537,7.3,0.5,1.6,1.2,5.8,0.695,0.7,0.4865,0.377,4.7,1.7719,0.448529412,1.7,0.7625,0.396,6.4,2.5344,34.2,82,9.2,2,3,5,0.086,9.5,1.3,2.3
Evan Turner,79,220,Portland Trail Blazers,30,17868852,6.8,0.2,0.5,3.9,4.5,0.708,1.5,1.062,0.212,0.7,0.1484,0.492148148,5.4,2.6576,0.46,6.1,2.806,22,73,11.6,0.5,1.5,2,0.06,15.9,-1.8,0.1
Myles Turner,83,250,Indiana Pacers,22,3410284,13.3,2.7,0.8,1.6,7.2,0.736,2.7,1.9872,0.388,2.6,1.0088,0.519582278,7.9,4.1047,0.487,10.5,5.1135,28.6,74,18,1.9,4.4,6.3,0.144,20,3.3,2.8
Ekpe Udoh,82,245,Utah Jazz,31,3360000,2.3,0.6,0.2,0.5,1.8,0.633,0.6,0.3798,,0,0,0.694,1.4,0.9716,0.694,1.4,0.9716,6.3,51,20.9,0.9,0.7,1.6,0.238,13.1,5.6,0.6
Jonas Valanciunas,84,265,Memphis Grizzlies,26,16539326,15.6,1.1,0.4,1.4,8.6,0.795,3.8,3.021,0.292,1,0.292,0.5857,10,5.857,0.559,11,6.149,22.3,49,24.4,2.2,1.9,4.2,0.183,28.5,1.2,0.9
Jarred Vanderbilt,81,214,Denver Nuggets,19,838464,1.4,0.1,0.4,0.2,1.4,0.6,0.6,0.36,0,0.1,0,0.5214,1,0.5214,0.474,1.1,0.5214,4.1,17,12.4,-0.1,0.1,0.1,0.037,19.4,-4,0
Fred VanVleet,72,195,Toronto Raptors,24,8653847,11,0.3,0.9,4.8,2.6,0.843,1.8,1.5174,0.378,4.6,1.7388,0.440666667,4.8,2.1152,0.41,9.4,3.854,27.5,64,13.7,2.4,1.9,4.3,0.117,17.9,0,0.9
Noah Vonleh,81,250,New York Knicks,23,1621415,8.4,0.8,0.7,1.9,7.8,0.712,2.3,1.6376,0.336,2,0.672,0.529555556,4.5,2.383,0.47,6.5,3.055,25.3,68,13.9,1.5,1.7,3.2,0.09,14.8,0,0.9
Nikola Vucevic,84,260,Orlando Magic,28,12750000,20.8,1.1,1,3.8,12,0.789,2.8,2.2092,0.364,2.9,1.0556,0.5499,14,7.6986,0.518,16.9,8.7542,31.4,80,25.5,5.4,4.7,10.1,0.193,28,6.4,5.3
Dwyane Wade,76,220,Miami Heat,37,2393887,15,0.5,0.8,4.2,4,0.708,3.2,2.2656,0.33,3.6,1.188,0.471226804,9.7,4.5709,0.433,13.3,5.7589,26.2,72,15.8,0.1,2.3,2.4,0.061,27.9,-0.5,0.7
Moritz Wagner,83,245,Los Angeles Lakers,21,1762080,4.8,0.3,0.3,0.6,2,0.811,1.2,0.9732,0.286,1.8,0.5148,0.520545455,2.2,1.1452,0.415,4,1.66,10.4,43,10.1,-0.3,0.5,0.2,0.02,21.7,-5.1,-0.3
Dion Waiters,76,215,Miami Heat,27,11550000,12,0.2,0.7,2.8,2.6,0.5,1,0.5,0.377,6.6,2.4882,0.470790698,4.3,2.0244,0.414,10.9,4.5126,25.9,44,11.4,0.1,1.1,1.2,0.052,21.1,-1.9,0
Kemba Walker,73,184,Charlotte Hornets,28,12000000,25.6,0.4,1.2,5.9,4.4,0.844,5.5,4.642,0.356,8.9,3.1684,0.493844828,11.6,5.7286,0.434,20.5,8.897,34.9,82,21.7,5.5,1.9,7.4,0.123,31.5,3.3,3.9
Lonnie Walker,77,205,San Antonio Spurs,20,2357160,2.6,0.2,0.4,0.5,1,0.8,0.6,0.48,0.385,0.8,0.308,0.332421053,1.9,0.6316,0.348,2.7,0.9396,6.9,17,10.8,-0.1,0.2,0,0.019,20.3,-4.4,-0.1
John Wall,76,210,Washington Wizards,28,19169800,20.7,0.9,1.5,8.7,3.6,0.697,5.5,3.8335,0.302,5.3,1.6006,0.506716667,12,6.0806,0.444,17.3,7.6812,34.5,32,18,0.5,0.7,1.2,0.051,28.8,-0.2,0.5
Tyrone Wallace,77,198,Los Angeles Clippers,24,1349383,3.5,0.1,0.3,0.7,1.6,0.526,0.9,0.4734,0.211,0.3,0.0633,0.44396875,3.2,1.4207,0.424,3.5,1.484,10.1,62,7,-0.8,0.5,-0.3,-0.023,18.7,-6.3,-0.7
Taurean Prince,80,220,Atlanta Hawks,24,2526840,13.5,0.3,1,2.1,3.6,0.819,2.1,1.7199,0.39,5.7,2.223,0.498,5.1,2.5398,0.441,10.8,4.7628,28.2,55,11.9,0.8,0.7,1.5,0.047,19.5,-1.9,0
Brad Wanamaker,76,210,Boston Celtics,29,838464,3.9,0.1,0.3,1.6,1.1,0.857,0.8,0.6856,0.41,1.1,0.451,0.516333333,1.8,0.9294,0.476,2.9,1.3804,9.5,36,14.3,0.6,0.4,1,0.134,17.1,-2.2,0
T.J. Warren,80,215,Phoenix Suns,25,11750000,18,0.7,1.2,1.5,4,0.815,2.9,2.3635,0.428,4.2,1.7976,0.51036,10,5.1036,0.486,14.2,6.9012,31.6,43,16.3,1.6,0.5,2.1,0.074,22.7,-1.7,0.1
Russell Westbrook,75,200,Oklahoma City Thunder,30,35654150,22.9,0.5,1.9,10.7,11.1,0.656,6.2,4.0672,0.29,5.6,1.624,0.480931507,14.6,7.0216,0.428,20.2,8.6456,36,73,21.1,1.8,5,6.8,0.124,30.9,6.5,5.6
Derrick White,76,190,San Antonio Spurs,24,1667160,9.9,0.7,1,3.9,3.7,0.772,1.8,1.3896,0.338,2.1,0.7098,0.52835,6,3.1701,0.479,8.1,3.8799,25.8,67,14.8,1.7,1.9,3.6,0.101,17.7,0.9,1.3
Okaro White,80,205,Washington Wizards,26,264919,0,0,0,0,0.7,,0,0,0,0.7,0,0,0,0,0,0.7,0,2,3,-4.5,0,0,0,-0.251,14.1,-19.2,0
Hassan Whiteside,84,265,Miami Heat,29,25434263,12.3,1.9,0.6,0.8,11.3,0.449,3.4,1.5266,0.125,0.2,0.025,0.580695652,9.2,5.3424,0.571,9.4,5.3674,23.3,72,23.5,2.3,4,6.3,0.18,22.6,0.8,1.2
Andrew Wiggins,80,194,Minnesota Timberwolves,23,25467250,18.1,0.7,1,2.5,4.8,0.699,4.1,2.8659,0.339,4.8,1.6272,0.441694915,11.8,5.212,0.412,16.6,6.8392,34.8,73,12.4,-0.6,1.3,0.6,0.012,24.4,-2.9,-0.6
Kenrich Williams,79,210,New Orleans Pelicans,24,838464,6.1,0.4,1,1.8,4.8,0.684,0.4,0.2736,0.333,3.4,1.1322,0.448222222,2.7,1.2102,0.384,6.1,2.3424,23.5,46,9.7,0.3,0.9,1.2,0.053,12.3,-0.3,0.5
Lou Williams,73,175,Los Angeles Clippers,32,8000000,20,0.1,0.8,5.4,3,0.876,6.5,5.694,0.361,3.9,1.4079,0.447088496,11.3,5.0521,0.425,15.2,6.46,26.6,75,21.2,3.9,1.2,5.1,0.123,32.4,0.4,1.2
Marvin Williams,81,237,Charlotte Hornets,32,14087500,10.1,0.8,0.9,1.2,5.4,0.767,1.1,0.8437,0.366,5.1,1.8666,0.501333333,3.6,1.8048,0.422,8.7,3.6714,28.4,75,12.6,1.9,1.9,3.8,0.086,14.9,0.3,1.3
Robert Williams,82,240,Boston Celtics,21,1654440,2.5,1.3,0.3,0.2,2.5,0.6,0.5,0.3,,0,0,0.706,1.6,1.1296,0.706,1.6,1.1296,8.8,32,18.8,0.5,0.6,1.2,0.201,10.3,4.4,0.5
Troy Williams,79,218,Houston Rockets,24,122741,5.3,0.4,0.5,0.5,2.8,0.6,0.7,0.42,0.318,2.1,0.6678,0.554807692,2.6,1.4425,0.449,4.7,2.1103,14.9,21,10.5,0.1,0.3,0.4,0.064,15,-2.6,0
D.J. Wilson,82,231,Milwaukee Bucks,22,2534280,5.8,0.4,0.4,1.1,4.6,0.553,1,0.553,0.362,2.6,0.9412,0.466,2.6,1.2116,0.414,5.2,2.1528,18.4,48,10.3,0.3,1.4,1.7,0.093,14.4,-1.6,0.1
Justise Winslow,79,225,Miami Heat,22,3448926,12.6,0.3,1.1,4.3,5.4,0.628,2.1,1.3188,0.375,3.9,1.4625,0.463567568,7.4,3.4304,0.433,11.3,4.8929,29.7,66,12.8,0.2,2.6,2.8,0.067,20.8,-0.1,1
Christian Wood,82,214,New Orleans Pelicans,23,1512601,8.2,0.5,0.3,0.4,4,0.732,2.7,1.9764,0.346,1.2,0.4152,0.568727273,4.4,2.5024,0.521,5.6,2.9176,12,21,21.9,0.4,0.3,0.8,0.151,26.1,-3.3,-0.1
Delon Wright,77,183,Memphis Grizzlies,26,2536898,8.7,0.4,1.2,3.3,3.5,0.793,2,1.586,0.298,2.2,0.6556,0.491538462,5.2,2.556,0.434,7.4,3.2116,22.7,75,15.5,1.9,2.4,4.3,0.121,18.1,1.5,1.5
Guerschon Yabusele,80,260,Boston Celtics,23,2667600,2.3,0.2,0.2,0.4,1.3,0.682,0.5,0.341,0.321,0.7,0.2247,0.533166667,1.2,0.6398,0.455,1.9,0.8645,6.1,41,12.4,0.2,0.3,0.5,0.09,17.5,-2.1,0
Nick Young,79,210,Denver Nuggets,33,311070,2.3,0.3,0,0.5,0.3,,0,0,0.375,2,0.75,0.053,0.3,0.0159,0.333,2.3,0.7659,9.3,4,2.3,0,0,0,-0.021,12.7,-7,0
Thaddeus Young,80,221,Indiana Pacers,30,13764045,12.6,0.4,1.5,2.5,6.5,0.644,1.7,1.0948,0.349,1.8,0.6282,0.564255814,8.6,4.8526,0.527,10.4,5.4808,30.7,81,16.2,3,3.9,6.9,0.133,18,2.9,3.1
Trae Young,74,180,Atlanta Hawks,20,5356440,19.1,0.2,0.9,8.1,3.7,0.829,5.1,4.2279,0.324,6,1.944,0.477368421,9.5,4.535,0.418,15.5,6.479,30.9,81,17,2.5,0.7,3.3,0.062,28.4,-1.1,0.6
Cody Zeller,84,240,Charlotte Hornets,26,13528090,10.1,0.8,0.8,2.1,6.8,0.787,2.9,2.2823,0.273,0.4,0.1092,0.567848485,6.6,3.7478,0.551,7,3.857,25.4,49,17.2,2.6,1.2,3.9,0.15,16.3,2,1.2
Tyler Zeller,84,253,Atlanta Hawks,29,106974,7.7,0.5,0.2,0.7,4,0.778,3,2.334,0,0.2,0,0.555208333,4.8,2.665,0.533,5,2.665,15.5,6,17.3,0.2,0.1,0.3,0.167,20.1,-2.2,0
Ante Zizic,83,254,Cleveland Cavaliers,22,1952760,7.8,0.4,0.2,0.9,5.4,0.705,2.2,1.551,,0,0,0.553,5.6,3.0968,0.553,5.6,3.0968,18.3,59,16.2,1.7,0.3,2,0.087,18.2,-3.1,-0.3
Ivica Zubac,85,240,Los Angeles Clippers,21,1544951,8.9,0.9,0.2,1.1,6.1,0.802,2.1,1.6842,,0,0,0.559,6.4,3.5776,0.559,6.4,3.5776,17.6,59,18.9,1.9,1.3,3.2,0.148,20.3,-0.3,0.5
